ID,Title,Date,Director,Actor,Genres,Format
6302267846,They Might Be Giants: Videos 1986-1989 VHS,"October 27, 1992",,,,Color|NTSC
6304469594,"Bizet - Carmen / Mehta, Ewing, Lima, Royal Opera VHS","April 29, 1997",Barrie Gavin,Zubin Mehta|Maria Ewing|Luis Lima|Leontina Vaduva|Gino Quilico,,Classical|Color|NTSC
B000MMNHRE,The Organizer,[],Mario Monicelli,Marcello Mastroianni|Annie Girardot|Bernard Blier,,NTSC|Black & White|Widescreen|Subtitled
6301627423,Look Who's Talking VHS,"June 5, 2001",Amy Heckerling,John Travolta|Kirstie Alley|Olympia Dukakis|George Segal|Abe Vigoda,,Closed-captioned|Color|NTSC
B0065COPS0,Blast!,2009,Paul Devlin,Mark Devlin,Documentary,
6301431367,"Lyle, Lyle Crocodile The Musical The House on East 88th Street VHS","May 23, 1990",,Tony Randall|Charles Strouse,,Animated|Color|HiFi Sound|NTSC
B0029J68TM,Tunnel Vision espagnol,[],Clive Fleury,Patsy Kensit|Robert Reynolds|Rebecca Riggs|Gary Day|Shane Briant,,PAL|Import|Dolby|Subtitled|Dubbed
6305996032,Denise Austin - Swingin to the Big Bands VHS,"August 22, 2000",,,,Color|Original recording reissued|NTSC
B00004UGA8,Against All Odds VHS,"May 4, 1995",Taylor Hackford,Rachel Ward|Jeff Bridges|James Woods|Alex Karras|Jane Greer,,Closed-captioned|Color|NTSC
B000PGKVF8,Protege (Double Disc Special Edition) DVD,[],Derek Yee,Andy Lau|Daniel Wu|Louis Koo,,DVD Region|NTSC|Special Edition|Anamorphic|Widescreen|Color|Subtitled
B0000AQS4F,Murderous Maids,[],,,,
6303103804,Abbott & Costello: Comin Round the Mountain VHS,"January 28, 1998",Charles Lamont,Bud Abbott|Lou Costello|Dorothy Shay|Kirby Grant|Joe Sawyer,,Black & White|Closed-captioned|HiFi Sound|NTSC
6302958326,Blind Witness VHS,"December 29, 1993",Richard A. Colla,Victoria Principal|Paul Le Mat|Stephen Macht|Matt Clark|Tim Choate,,Closed-captioned|Color|NTSC
B00003JRBU,Kung Fu Master VHS,"March 21, 2000",Jing Wong,Ekin Cheng|Man Cheung|John Ching|Wing Cho|Collin Chou,,Color|NTSC
B000P5FH1W,The Girl in the Red Velvet Swing,[],,,,
B003AHZ8IO,Girlfight,2000,Karyn Kusama,Michelle Rodriguez|Jaime Tirelli|Paul Calderon,Drama|Sports,
6304636989,Get Christy Love VHS,"August 30, 1997",William A. Graham,Teresa Graves|Harry Guardino|Louise Sorel|Paul Stevens|Ron Rifkin,,Color|NTSC
B000YFT3IQ,Pride Of The Bowery,1941,Joseph H. Lewis,Leo Gorcey|Bobby Jordan|Bobby Stone,Comedy|Drama|Action,
B00274GGT6,Mulligans (2008),2009,Chip Hale,Dan Payne|Thea Gill|Derek James,Drama,
6302890578,The Vampire Lovers VHS,[],Roy Ward Baker,Ingrid Pitt|Pippa Steel|Madeline Smith|Peter Cushing|George Cole,,NTSC
B001P9XKZW,The Other Half (Ling Yi Ban),2008,Ying Liang,Zeng Xiaofei|Deng Gang|Zhao Ke,International,
6301701666,Mickey Mantle Video Baseball Card VHS,[],,,,
B00008URWD,Spliced,"July 1, 2003",Gavin Wilding,Ron Silver|Liane Balaban|Drew Lachey|Siri Baruc|Billy Morton,,Closed-captioned|Color|Dolby|Full Screen|NTSC
B00008G8Y0,Silver Bullet VHS,"December 17, 2002",Joseph H. Lewis,Johnny Mack Brown|Fuzzy Knight|William Farnum|Jennifer Holt|LeRoy Mason,,Black & White|NTSC
1414336306,In the Beginning (What's in the Bible?),[],,,,
B00494K88C,"Donizetti, G.: Maria Stuarda (Sferisterio Opera Festival, 2007) (Live Performance)",2007,Mancini|Davide,Giovanna Lanza|Mario Cecil|Laura Polverelli,Arts|Entertainment|and Culture,
B002YMWPUA,Hunger,[],,,,
B000O3Q9US,Easy,2003,Jane Weinstock,Marguerite Moreau|Naveen Andrews|Nelson Aspen,Drama|Comedy,
B00420GIT6,Triple Deception 1956 - England,[],,,,
6304557094,Rhapsodies in Black & Blue: Paramount 4 VHS,"March 10, 1998",,Mack Gordon|Jack Oakie|LeRoy Prinz|Harry Revel|Lyda Roberti,,Black & White|NTSC
6303625932,Little House on the Prairie: The Christmas They Never Forgot VHS,"July 31, 1995",Michael Landon|William F. Claxton|Maury Dexter|Alf Kjellin|Victor Lobl,Michael Landon|Karen Grassle|Melissa Sue Anderson|Melissa Gilbert|Victor French,,Color|NTSC
B00004CQI5,Introducing the Band VHS,"September 16, 1997",,,,Color|NTSC
B0001ZMXD6,Street Scene VHS,"May 25, 2004",,,,Black & White|NTSC
B003FPB5GK,Power Paths,2009,Bo Boudart,,Arthouse|Documentary,
B00000IYR0,Aria,[],,,,
B000WC38EQ,"Girl Next Door, The",[],,,,
0780620828,Spawn VHS,[],,,,
6303398170,Omega Syndrome VHS,"October 6, 1997",Joseph Manduke,Ken Wahl|George DiCenzo|Xander Berkeley|Nicole Eggert|Ron Kuhlman,,Closed-captioned|Color|EP|NTSC
B005OHSTY8,Red State,2011,Kevin Smith,Michael Parks|John Goodman|Melissa Leo,Suspense,
B0007LFQCO,Sherlock Hound: Dogs of Bowserville VHS,"October 1, 1989",,,,Animated|Color|EP|NTSC
B004OTOTJG,Dirty Martini and the New Burlesque,[],,,,
6302980992,Hey Cinderella VHS,"January 11, 1994",,Pat Galloway|Joyce Gordon (III)|Belinda Montgomery|Robin Ward,,Closed-captioned|Color|Live|NTSC
B008CQI07Y,Abel (English Subtitled),2012,Diego Luna,Christopher Ruiz-Esparza|Karina Gidi|Jose Maria Yazpik,Comedy,
B002I7REC0,Hologram Man,1995,Richard Pepin,Joe Lara|Evan Lurie|Michael Nouri,Action|Arthouse|Science Fiction,
630402519X,Guy From Harlem VHS,"June 25, 1996",Rene Martinez Jr.,Loye Hawkins|Cathy Davis|Patricia Fulton|Wanda Starr|Steve Gallon,,Color|EP|NTSC
B001N3B32M,Cruising,2007,William Friedkin,Al Pacino|Paul Sorvino|Karen Allen,Drama|Suspense,
0767023455,Story of the Twelve Apostles VHS,"February 29, 2000",,Narrated By Martin Sheen,,Color|NTSC
B00004R6B2,Room Service VHS,[],William A. Seiter,Groucho Marx|Harpo Marx|Chico Marx|Lucille Ball|Ann Miller,,PAL
B00000FZDT,Best of the Muppet Show - Peter Sellers / John Cleese / Dudley Moore VHS,"March 4, 2003",,Jim Henson|Frank Oz|Richard Hunt|Dave Goelz|Kermit the Frog,,Closed-captioned|Color|NTSC
6302662982,Making of Little Nemo VHS,"January 27, 1993",,,,Animated|Color|Live|NTSC
B004CXDWRE,Overlord,1975,Stuart Cooper,Brian Stirner|Davyd Harries|Nicholas Ball,Drama|Military and War,
630397323X,The Speeches of Famous Women: From Suffragette to Senator VHS,"March 25, 1997",,,,Black & White|Color|NTSC
B000MTDRAY,Nature's Colors With The World's Greatest Music,"February 27, 2007",Various,Various,,Digital|Blu-ray|Dolby
B002LANLJY,Duplicity,2009,Tony Gilroy,Clive Owen|Julia Roberts|Tom Wilkinson,Drama|Suspense,
B004RCW2EY,Every Day,2011,Richard Levine,Liev Schreiber|Helen Hunt|Carla Gugino,Comedy|Drama,
B001QAZC2E,Return to House on Haunted Hill (Rated),2007,Victor Garcia,Amanda Righetti|Cerina Vincent|Erik Palladino,Horror,
B001QIAAKA,Missile To The Moon (in Color),1958,Richard E. Cunha,Richard Travis|Cathy Downs|K.T. Stevens,Science Fiction,
B004QITOQI,The Application of Shaolin Traditional Quan and Weapon,2006,GZ Beauty,Shi Dejun,International,
B001HT49L4,Android Apocalypse,2006,Paul Ziller,Joseph Lawrence|Scott Bairstow|Chris Jericho,Fantasy|Science Fiction,
6302038596,Give Love VHS,"July 26, 1989",,,,NTSC
B0008FPJL2,Kodocha: School Girl Super Star - Volume 1,"August 2, 2005",,,,Multiple Formats|Animated|Color|Dolby|NTSC
B00004VXYG,Sense and Sensibility 1995,[],Ang Lee,Emma Thompson|Kate Winslet|James Fleet|Tom Wilkinson|Harriet Walter,,Anamorphic|Full Screen|NTSC
6300184404,Nancy Drew: A Haunting We Will Go VHS,"March 1, 1992",Jack Arnold|Stuart Margolin|Keith J. Atkinson|Ray Austin|Vince Edwards,Pamela Sue Martin|Pippa Scott|Carl Betz|Robert Karnes|William Schallert,,Color|HiFi Sound|NTSC
6305077509,Two Girls and a Guy VHS,"September 29, 1998",James Toback,Robert Downey Jr.|Heather Graham|Natasha Gregson Wagner|Angel David|Frederique Van Der Wal,,Closed-captioned|Color|NTSC
6303201962,Star Trek II - The Wrath of Khan VHS,"April 2, 1997",Nicholas Meyer,William Shatner|Leonard Nimoy|DeForest Kelley|James Doohan|Walter Koenig,,Closed-captioned|Color|HiFi Sound|Letterboxed|Widescreen|NTSC
6304510969,"Dr. Katz, Professional Therapist VHS","March 10, 1998",,Todd Barry,,Animated|Color|NTSC
6300135748,Every Man for Himself and God Against All VHS,"January 1, 2002",,,,NTSC
6301784758,Bloodstone VHS,"April 19, 1989",Dwight H. Little,Brett Stimely|Rajinikanth|Anna Nicholas|Charlie Brill|Jack Kehler,,Color|NTSC
B002A58Q0O,Time Lapse,2001,David Worth,Roy Scheider|Dina Meyer|William McNamara,Suspense|Arthouse|LGBTQ,
B0043988K8,Kaleido Star: Season 2 OVA,"December 28, 2010",Sandra Krasa,Jay Hickman|Cynthia Martinez|Sandra Krasa|Hilary Haag,,Multiple Formats|Full Screen|Color|Box set|NTSC
B00005OCK1,Frances,"February 19, 2002",Graeme Clifford,Jessica Lange|Kim Stanley|Sam Shepard|Bart Burns|Jonathan Banks,,Anamorphic|Color|Widescreen|NTSC
B000ROAMCU,Journey of the Heart/Heart's Adrift,"August 28, 2007",Karen Arthur|Vic Sarin,Cybill Shepherd|Stephen Lang|Blake Heron|Cassidy Rae|David Carpenter,,Color|Widescreen|NTSC
B004L9GLYA,Muay Thai Giant,"April 26, 2011",Nonthakorn Thaweesuk,Dan Chupong|Kessarin Ektawatkul|Jason Fenton|Tom Howard|Sasisa Jindamanee,,Blu-ray
B00064AEOC,David Bowie - A Reality Tour,"October 19, 2004",,,,Multiple Formats|Closed-captioned|Color|NTSC
B000NVL1Y0,Smokey and the Bandit,"May 22, 2007",Hal Needham,Burt Reynolds|Jackie Gleason|Sally Field|Jerry Reed|Mike Henry,,AC-3|Color|Dolby|NTSC|Subtitled|Widescreen
B000FTW32O,In Concert Series: Dorothy Dandridge,"August 8, 2006",,Dorothy Dandridge,,Color|Original recording remastered|NTSC
B00012QLGO,Mail Call - The Best of Season 2,"December 30, 2003",David M. Barsky|Rob Lihani|Robert Beemer|Tony Long,R. Lee Ermey|Gary Harper|David Sessions|Timothy Pickles|Hugh Daly,,Multiple Formats|Color|Full Screen|NTSC
B00008G38G,Sweeper VHS,"August 13, 1998",Joseph Merhi,C. Thomas Howell|Jeff Fahey|Ed Lauter|Kristen Dalton|Janet Gunn,,NTSC
B001U2HSGQ,Answers For Darwin MP3,"February 8, 2009",The Word For Today,Ken Ham|Andrew Snelling|David Menton,,NTSC
B00005RH3U,Am¨¦lie VHS,[],Jean-Pierre Jeunet,Audrey Tautou|Mathieu Kassovitz|Rufus|Lorella Cravotta|Serge Merlin,,PAL
B000LP5D0Q,Fall Guy: The Jon Stewart Story,"February 20, 2007",John Stewart,Jason David Frank|Damian|Paul Logan|Gloria Carmona|Carlisle Forrester,,Color|Full Screen|NTSC
B000055ZK9,WWF: Wrestlemania X-Seven VHS,"May 22, 2001",,Steven Austin|The Rock,,Color|NTSC|Full Screen
B002L5IIT2,Road Trip- Beer Pong,2009,Steve Rash,Preston Jones|Michael Trotter|Daniel Newman,Comedy,
B004AILAFC,Triggerman,"January 18, 2011",,Terence Hill|Paul Sorvino|Clare Carey|Ornella Muti|Mary Petruolo,,Multiple Formats|AC-3|Color|Dolby|NTSC|Subtitled|Widescreen
B003NEQ71G,Tenebrae,"June 28, 2011",,,,PAL|Import
B00004WG5R,"Yes, Prime Minister - Power to the People VHS","July 19, 2000",Peter Whitmore,Paul Eddington|Nigel Hawthorne|Derek Fowlds|Diana Hoddinott|Deborah Norton,,Closed-captioned|Color|NTSC
B003DBUEJ0,Twilight Saga: New Moon,"March 20, 2010",Chris Weitz,Kristen Stewart|Robert Pattinson|Taylor Lautner|Billy Burke|Peter Facinelli,,NTSC
6302450527,No Ticket Required VHS,"June 2, 1992",,,,Color|NTSC
B0032IR05A,"The Lady Says""No""",2009,Frank Ross,Joan Caulfield|David Niven,Comedy,
630227236X,Giovanna D'Arco VHS,"November 1, 1991",Werner Herzog|Keith Cheetham,Renato Bruson|Susan Dunn|Vincenzo La Scola|R¨¦al Gigu¨¨re|Pietro Spagnoli,,Classical|Color|NTSC
B001AQSVPE,Charlie Wilson's War,2007,Mike Nichols,Tom Hanks|Amy Adams|Julia Roberts,Drama|Historical|Comedy,
B00002AFWX,Shaolin Strength Workout VHS,"November 16, 1999",,,,Color|NTSC
B002U6B60A,I Am Because We Are,2006,Nathan Rissman,Madonna|Bill Clinton,Special Interest|Documentary,
630497924X,Bill Dance Outdoors: Fishin Bloopers 2 VHS,"June 2, 1998",,,,Color|NTSC
B001PRKG5Q,Carmen,"October 26, 2010",,,,Multiple Formats|Classical|Color|NTSC|Widescreen
B001451HWA,Tchaikovsky (DVD),"May 27, 2008",Various,Various,,Color|NTSC|Subtitled|Widescreen
B000IHYVP0,"Ninja Vixens, Vol. 6 - Forbidden Paradise","November 28, 2006",,,,Animated|Color|Full Screen|Subtitled|NTSC
B006IRQUF8,House of Flesh Mannequins,"February 21, 2012",,Irena A. Hoffman|Giovanni Lombardo Radice Domiziano Arcangeli,,Multiple Formats|Color|NTSC
B0037TPI8A,Ivan The Terrible I & II,"February 23, 2010",Sergei M. Eisenstein,Nikolai Cherkasov|Pavel Kadochnikov,,Multiple Formats|Import|NTSC
B00049QN6M,"Tenchi Muyo! GXP, Vol. 7: The Great Daluma","November 16, 2004",,,,Multiple Formats|Animated|Color|Dolby|NTSC
B000H0M62I,Pastel Portrait -- Anita Wolff,"March 8, 2006",,,,Multiple Formats|Color|NTSC
B00005NX1J,Dragon Ball Z: The Saiyan Conflict Boxed Set I - Episodes 1-25,"October 9, 2001",,Doc Harris|Christopher Sabat|Sean Schemmel|Terry Klassen|Scott McNeil,,Animated|Box set|Color|NTSC
B000K98FL2,Discover China: Bodacious Beijing,"January 30, 2007",,,,Multiple Formats|Color|Full Screen|NTSC
B00022EEDU,Under the Lighthouse Dancing,"July 6, 2004",Graeme Rattigan,Aden Gillett|Jack Thompson|Jacqueline McKenzie|Naomi Watts|Phillip Holder,,Closed-captioned|Color|NTSC
B00008RV14,Mary Higgins Clark: Haven't We Met Before VHS,"May 6, 2003",,Nicolette Sheridan|Page Feltcher,,Closed-captioned|Color|NTSC
B0052UGB5G,Growing Op,2010,Michael Melski,Steven Yaffee|Rachel Blanchard|Wallace Langham,Drama,
B002BIGYDQ,Watercolor and Gouache Painting with Erik Tiemens,"December 15, 2008",Alex Alvarez,Erik Tiemens,,Multiple Formats|Color|NTSC|Widescreen
B000BT9952,Land of College Prophets,"December 6, 2005",Mike Aransky,Carmine Capobianco|Mike Aransky|Thomas Edward Seymour|Russell Russo|Matt Ford,,Closed-captioned|Color|NTSC
B000056JR3,Rome - Power & Glory: The Rise and Fall of an Empire VHS,"September 28, 1999",,,,Box set|Color|NTSC
B0002HOEFS,Imports and Outlaws,"October 26, 2004",,,,Multiple Formats|Closed-captioned|Color|NTSC
B0000DC14F,Energetics of Healing,"January 6, 2004",,,,Color|NTSC
6302948576,"Energize With Yoga - Featuring Lilias Folan of PBS-TV Exercise Series, Lilias! VHS","November 16, 1999",,Lilias Folan,,Color|NTSC
B000087HCE,Free Time: Techniques for Modern Freeheel Skiing,"December 20, 2002",,Frode Gronvold|Charlie Cannon|Jeff Kaloustian|Steve Leeder|Rich Myer,,Multiple Formats|Color|NTSC
B0002DVA68,Ultimate Advanced Revolver,"August 1, 2003",Lenny Magill,,,Multiple Formats|Color|Digital Sound|NTSC
0783241399,The Hurricane VHS,"July 11, 2000",Norman Jewison,Denzel Washington|Vicellous Shannon|Deborah Kara Unger|Liev Schreiber|John Hannah,,Closed-captioned|Color|NTSC
B0041YIKGW,A Village So Far Away,2010,Yunnan National  Film Studio,,International,
B000009EI9,Watership Down VHS,"December 13, 1993",Martin Rosen,John Hurt|Richard Briers|Ralph Richardson|Michael Graham Cox|John Bennett,,Color|Dolby|NTSC
B0002CX1CU,Demon Under Glass,"July 13, 2004",Jon Cunningham,Jason Carter|Garett Maggart|Jack Donner|Denise Alessandria Hurd|Ray Proscia,,Multiple Formats|Closed-captioned|Color|NTSC
6300210928,Holy Night Vol.1 VHS,"October 24, 1991",John T. Coyle,Art Gilmore|Robert Wilson|William Henry|Tyler McVey|Lawrence Dobkin,,NTSC
B000A2WBLE,The People vs. Jean Harris,"September 6, 2005",George Schaefer,Martin Balsam|Ellen Burstyn|Peter Coyote|Richard Dysart|Sarah Marshall,,NTSC
B000B8QFGY,Secrets of the Dead - The Hunt for Nazi Scientists,"January 3, 2006",,Liev Schreiber|Jay O. Sanders|Salima Ikram|Piers Gibbon|Roy Scheider,,Multiple Formats|Color|NTSC
B000BWFWGY,24: Seasons 1-4,"December 6, 2005",Brad Turner|Bryan Spicer|Davis Guggenheim|Frederick King Keller|Ian Toynton,Kiefer Sutherland|Mary Lynn Rajskub|Carlos Bernard|Dennis Haysbert|Elisha Cuthbert,,NTSC
B00014NFEI,Complete Guide To Sex Toys & Devices,"December 23, 2003",,Pacific Media,,Multiple Formats|Color|NTSC
B00028HCII,The Statement,[],Norman Jewison,Michael Caine|Tilda Swinton|Alan Bates|Jeremy Northam|Charlotte Rampling,,PAL
B002QDAE14,Minor Mishaps (Smaa Ulykker),2002,Annette K. Olesen,J??rgen Kiil|Maria Rich|Henrik Prip,Drama|International,
B00004XPP0,Star Wars Trilogy VHS,"November 21, 2000",George Lucas,Mark Hamill|Carrie Fisher|Harrison Ford,,Box set|Closed-captioned|Color|NTSC|THX
B0009A40LG,Lost Ships of Mediterranean,"July 26, 2005",,,,Multiple Formats|Color|NTSC
B004NDJXTY,Rory Gallagher: Irish Tour '74,"April 12, 2011",Tony Palmer,Rory Gallagher,,Multiple Formats|Blu-ray|Dolby|DTS Surround Sound|NTSC|Widescreen
B0028K3HFU,Travel with Barry & Corinne to Kenya,"May 4, 2009",Barry Smedley,Barry & Corinne Smedley,,NTSC
B00097E6U4,Cry Wilderness,"May 31, 2005",Jay Schlossberg-Cohen,Faith Clift|Eric Foster|Maurice Grandmaison|Griffin Casey|John Tallman,,Color|NTSC
1578482321,The Adventures of a Young Brave VHS,"January 11, 2000",Harry Bromley Davenport,Raoul Trujillo|Barbara Pilavin|Billy Maddox|Biff Wiff|Ashley Peldon,,Color|NTSC
B000BB1926,Blood and Black Lace,"November 8, 2005",Mario Bava,Cameron Mitchell|Eva Bartok|Thomas Reiner|Ariana Gorini|Dante DiPaolo,,Multiple Formats|Collector's Edition|Dolby|Dubbed|NTSC|Subtitled|Widescreen
B000P0J0BK,Ocean's Eleven,"May 15, 2007",Steven Soderbergh,George Clooney|Matt Damon|Andy Garcia|Brad Pitt|Julia Roberts,,Multiple Formats|AC-3|Closed-captioned|Color|Dolby|Dubbed|NTSC|Subtitled|Widescreen
B00004ZERV,The Three Tenors Christmas VHS,"October 31, 2000",,Jose Carreras|Placido Domingo|Luciano Pavarotti,,Classical|Color|NTSC
B000HL27Q2,Firewall,2006,Richard Loncraine,Harrison Ford|Paul Bettany|Virginia Madsen,Adventure|Drama|Action|Suspense,
6301785940,Road Lawyers and Other Briefs VHS,"October 3, 1990",Robert Rhine|David Lipman|James Desmarais|Tim Doyle,Robert Rhine|Norman Merrill|Alba Francesca|Gerry Rand|Frank Fowler,,NTSC|Color|HiFi Sound
6305972001,Hellraiser,"September 26, 2000",Clive Barker,Andrew Robinson|Clare Higgins|Ashley Laurence|Sean Chapman|Oliver Smith,,Multiple Formats|Anamorphic|Closed-captioned|Color|Full Screen|NTSC|THX|Widescreen
B001F7Q4K2,Keli Roberts: 30 Minute Ab & Butt Blaster,"February 27, 2009",Keli Roberts,Keli Roberts,,Color|NTSC
6303129137,Columbo: Suitable for Framing VHS,"January 1, 1998",Hy Averback,Peter Falk|Ross Martin|Don Ameche|Kim Hunter|Rosanna Huffman,,Color|HiFi Sound|NTSC
B00005NROV,"The Enforcers History Channel, ATF, Border Patrol, DEA, Texas Rangers  VHS","July 26, 2001",,,,Box set|Color|NTSC
B0002HODYU,Insight of Evil,"April 5, 2011",,,,Multiple Formats|Closed-captioned|Color|NTSC
B00004WM6I,Glass Cage VHS,"November 5, 1996",,Charlotte Lewis|Eric Roberts|Richard Tyson,,Color|NTSC
B002ZG99N6,"Town, The (2010)(WS)(DVD)","December 17, 2010",Ben Affleck,Ben Affleck|Rebecca Hall|Jon Hamm|Jeremy Renner|Blake Lively,,Multiple Formats|Color|NTSC|Widescreen
B000VD5I6C,Prehistoric Man,"September 9, 2008",Cerebellum Corporation,Just the Facts,,Multiple Formats|Box set|Color|NTSC
B000HKT9PA,Murder Mansion / How Awful About Allan (Double Feature),[],Francisco Lara Polop|Pedro Lazaga|Curtis Harrington,Anthony Perkins|Julie Harris|Joan Hackett|Kent Smith|Evelyn Stewart,,Color|Full Screen
B000CPH9QG,Waiting...,"February 7, 2006",,Ryan Reynolds|Justin Long,,Multiple Formats|Closed-captioned|Color|Dolby|Full Screen|NTSC|Subtitled
B00096S44Y,Charlie,"July 19, 2005",Malcolm Needs,Luke Goss|Leslie Grantham|Marius Weyers|Steven Berkoff|Anita Dobson,,Multiple Formats|Closed-captioned|Color|Dolby|Dubbed|Subtitled|Widescreen|NTSC
B003AV650K,"The Insatiable (Insaciable) [ NON-USA FORMAT, PAL, Reg.2 Import - Spain ]",[],Cary Solomon|Chuck Konzelman,Charlotte Ayanna|Sean Patrick Flanery|Michael Biehn|Josh Hopkins|Brad Rowe,,PAL|Import|Dolby|Dubbed|Widescreen
B000F6ZPIQ,The Harry Smith Project - Live,"November 7, 2006",,,,Closed-captioned|Color|NTSC
6303002129,Ballroom Dancing - Intermediate VHS,"August 6, 1998",,,,Color|NTSC
B0001BS3IY,The King of Queens: Season 2,"April 20, 2004",Rob Schiller,Kevin James|Leah Remini|Patton Oswalt|Larry Romano|Victor Williams,,Multiple Formats|Box set|Closed-captioned|Color|Dolby|Full Screen|NTSC
0783227809,Blues Brothers 2000 VHS,"May 29, 2001",John Landis,Dan Aykroyd|John Goodman|Joe Morton|Nia Peeples|Kathleen Freeman,,Closed-captioned|Color|Dolby|Original recording reissued|NTSC
B000FGFD6K,Torchlighters: William Tyndale,"April 27, 2010",,,,Multiple Formats|Animated|Color|NTSC
B00008WJEZ,Charlie's Angels: Season 1,"May 27, 2003",,Kate Jackson|Farah Fawcett|Jaclyn Smith|David Doyle,,Multiple Formats|Box set|Closed-captioned|Color|Full Screen|NTSC|Subtitled
B000SQLC2Q,Egyptian Bellydancing for Intermediates,"September 18, 2007",,Hilary Thacker,,Multiple Formats|Color|NTSC
B002SRENRO,Gun,2016,Joel Harkham,Joel Harkham,Adventure|Drama|Suspense|Science Fiction,
6300150151,Virgin Spring VHS,"March 28, 1991",Ingmar Bergman,Max von Sydow|Birgitta Valberg|Gunnel Lindblom|Birgitta Pettersson|Axel D¨¹berg,,NTSC
B00000INHI,"Puccini - Manon Lescaut / Levine, Scotto, Domingo, Metropolitan Opera","May 2, 2000",Kirk Browning,Renata Scotto|Pl¨¢cido Domingo|Pablo Elvira|Renato Capecchi|Philip Creech,,AC-3|Classical|Closed-captioned|Color|NTSC
5559918636,Someone Like You VHS,[],Tony Goldwyn,Ashley Judd|Hugh Jackman,,NTSC
B0000B1A2Y,Happy Birthday VHS,"September 23, 2003",Yen Tan,Benjamin Patrick|Michelle E. Michael|John K. Frazier|Devashish Saxena|Ethel Lung,,Black & White|NTSC
B000CFYAXQ,Taekkyon: Traditional Korean Martial Art,"June 12, 2007",Sang H. Kim,Lee Yong-bok,,Multiple Formats|Color|NTSC|Subtitled
B00000I1RH,Eastern Condors,"August 14, 2001",,Lung Chan|Kwok Keung Cheung|Kar Lok Chin|Billy Chow|Joyce Godenzi,,AC-3|Color|Letterboxed|NTSC|Subtitled|Widescreen
B003XL6EIU,The Larry Sanders Show: Season 2,"November 2, 2010",Todd Holland,Garry Shandling|Jeffrey Tambor|Rip Torn,,Multiple Formats|Box set|Color|Dolby|Full Screen|NTSC|Subtitled
B001M6SHBU,Kurau Phantom Memory: Complete,"February 24, 2009",,,,Subtitled|Box set|NTSC|Color|Full Screen
B0002K10LG,Shenandoah,[],Andrew V. McLaglen,James Stewart|Doug McClure|Glenn Corbett|Patrick Wayne|Rosemary Forsyth,,PAL
B000057N7I,Goodnight Sweetheart VHS,[],,Nicholas Lyndhurst|Victor McGuire|Christopher Ettridge|Elizabeth Carling|Emma Amos,,PAL
B0017LGQCC,AMERICAN DRUGLORDS: THE CALI CARTEL,"May 27, 2008",,VARIOUS,,Color|NTSC
B0001XARN6,Troy: Unearthing the Legend,"May 25, 2004",John Jopson|Patrick Taul¨¨re,Leonard Nimoy|Kathleen Turner|Carole Fontaine|Graham Hancock|David McCallum,,Color|Dolby|NTSC
6302232236,Uncaged VHS,"December 11, 1991",Lisa Hunt,Leslie Bega|Jeffrey Dean Morgan|Pamella D'Pella|Gregory Millar|Henry Brown,,Color|NTSC
B0007Z0O86,Monkeydoos: Go Go Animals,"March 8, 2005",,,,Animated|Closed-captioned|Color|NTSC
B001CK7OLA,"La Traviata - Love & Sacrifice, the Story of the Opera / Angela Georghiu, Kathleen Cassello","October 7, 2008",,,,Multiple Formats|Anamorphic|Classical|Color|Dolby|HiFi Sound|NTSC|Surround Sound|THX|Widescreen
6305186693,Odd Man Out,"January 12, 1999",Carol Reed,James Mason|Robert Newton|Kathleen Ryan|Cyril Cusack|F.J. McCormick,,Black & White|Color|NTSC
B00115XLKE,"Parole, Inc (1948)",2007,Alfred Zeisler,Michael O'Shea|Turhan Bey,Suspense|Arthouse,
B000UAE7DQ,Ironside - Season 2,"October 16, 2007",Abner Biberman|Allen Reisner|Anton Leader|Barry Shear|Charles S. Dubin,Raymond Burr|Gary Collins|Mary Ann Mobley|Don Galloway|Barbara Anderson,,Multiple Formats|Box set|Color|Full Screen|NTSC
B001CK2WGC,A Good Lawyer's Wife (Standard Edition) DVD,[],,Mun So Ri|Hwang Jeong Min|Yun Yeo Jeong,,Anamorphic|Widescreen|Dolby|Color|NTSC
6305404259,Shania Twain Live VHS,"May 11, 1999",Lawrence Jordan,Shania Twain|Brent Barcus|J.D. Blair|Roddy Chiong|Cory Churko,,Color|NTSC
B001ESPBG0,"Honey Baby, Honey Baby","July 7, 2008",Michael Schultz,Diana Sands|Calvin Lockhart|Seth Allen|J. Eric Bell,,NTSC
6304968116,Russian Sambo Wrestling:Vol.2 VHS,"April 7, 1998",,,,Color|NTSC
B00009L4SV,Absolute Body Power: Strength Conditioning Workout 2005,"July 1, 2003",,Alan Harris,,Color|NTSC
B00005UPO2,Top Secret!,[],David Zucker|Jerry Zucker|Jim Abrahams,Val Kilmer|Lucy Gutteridge|Peter Cushing|Jeremy Kemp|Christopher Villiers,,PAL
B00008EY5S,Soap - The Complete First Season,"September 16, 2003",,Katherine Helmond|Richard Mulligan|Cathryn Damon|Ted Wass|Billy Crystal,,Multiple Formats|Box set|Closed-captioned|Color|Full Screen|NTSC
B0017CW5PS,Best Defense / Crazy People,"March 18, 2008",,,,Color|Widescreen|NTSC
B00000INHA,Wedding Belles-The Complete Bridal Makeover Video VHS,"April 13, 1999",,,,Color|NTSC
B0014FL71Q,"Morality, Divorce, and Sexual Innuendo in the 1930s Explored in Night Life in Reno DVD (1931) Starring Jameson Thomas, Dixie Lee, Pat O'Malley, and Carmelita Geraghty",[],Raymond Cannon,Jameson Thomas,,DVD
B0050NBYZW,Keeping Track,1987,Robin Spry,Michael Sarrazin|Margot Kidder|Alan Scarfe,Suspense,
B001U4V00O,Single White Female / Closer,"June 1, 2010",Barbet Schroeder|Mike Nichols,Natalie Portman|Jude Law|Clive Owen|Julia Roberts|Bridget Fonda,,Multiple Formats|Color|NTSC
B004K6YH4K,Tomato Man,2010,Matthew W. Enstrom,Jessica Shuck|Jason Crowe|Roni Jonah,Drama|Horror|Suspense,
1930772211,"Facing Death: Providing physical, emotional & spiritual comfort to loved ones VHS","June 20, 1997",Jess Doherty,J. D. Youman|Hospice Austin,,Color|Full length|Special Edition|NTSC
6305669295,Iron Maze,"December 21, 1999",Hiroaki Yoshida,Jeff Fahey|Bridget Fonda|Hiroaki Murakami|J.T. Walsh|John Randolph,,Color|Full Screen|NTSC
B00005MM75,Five Deadly Venoms,"November 14, 2000",Cheh Chang,Sheng Chiang|Chien Sun|Phillip Chung-Fung Kwok|Meng Lo|Pai Wei,,Color|NTSC
B001E7MMT0,Retardead,"July 29, 2008",Dan West|Rick Popko,Paul Weiner|Beth West|Dan Burr|Dan West|Rick Popko,,Full Screen|NTSC
5554819427,Mad Love VHS,[],Antonia Bird,Chris O'Donnell|Drew Barrymore,,NTSC
B001KAMHBE,My Tutor,1983,George Bowers,Caren Kaye|Matt Lattanzi|Kevin McCarthy,Comedy,
B006ESH2CQ,Richard Thompson-Live at Celtic Connection,"January 31, 2012",Richard Thompson,Richard Thompson,,Multiple Formats|Color|NTSC
B003UAQMK4,Sleepaway Camp II: Unhappy Campers,1988,Michael A. Simpson,Pamela Springsteen|Renee Estevez|Tony Higgins,Horror|Young Adult Audience,
B0001GH77M,Boot Hill,"February 10, 2004",Giuseppe Colizzi,Terence Hill|Bud Spencer|Woody Strode|Eduardo Ciannelli|George Eastman,,Color|NTSC
B006LLY8PA,Kimikiss: Pure Rouge Complete Collection,"March 6, 2012",,,,Multiple Formats|Box set|Color|NTSC|Subtitled
B001675YUW,Earth Wind & Fire: In Concert,"April 22, 2008",Michael Schultz,Earth Wind & Fire,,Multiple Formats|Color|Dolby|DTS Surround Sound|Full Screen|NTSC
B008DH9GMK,Les Miserables,"November 13, 2012",Robert Hossein,Lino Ventura|Jean Carmet|Michel Bouquet|Evelyne Bouix,,Multiple Formats|Black & White|NTSC
B0041G3Z2Y,Ride With the Devil,1999,Ang Lee,Tobey Maguire|Skeet Ulrich|Jewel,Action|Adventure|Drama|Western|Romance,
B0047QRXXK,Beethoven: Symphonies Nos. 4 -6,"January 25, 2011",,Vienna Philharmonic Orchestra|Christian Thielemann,,Multiple Formats|Blu-ray|Classical|NTSC|Widescreen
0965214001,Home Video Hits: Great Ideas for Creating Better Home Videos VHS,"July 15, 1996",,Grayson Mattingly,,Color|Director's Cut|NTSC
B0000BWVMF,Eloise at the Plaza VHS,"November 11, 2003",Kevin Lima,Julie Andrews|Jeffrey Tambor|Kenneth Welsh|Debra Monk|Gavin Creel,,Closed-captioned|Color|NTSC
B00004Y6A6,The Stuff,"October 24, 2000",Larry Cohen,Michael Moriarty|Andrea Marcovicci|Garrett Morris|Paul Sorvino|Scott Bloom,,Anamorphic|Color|NTSC|Widescreen
B002XVZ1S0,New Year's Concert 2010,"February 23, 2010",,,,Multiple Formats|Classical|Color|NTSC|Import
B000FO4LSI,Grease 2,"June 10, 2003",,,,NTSC
B002WJ80W2,My Boys are Good Boys (1978),2007,Bethel G. Buckalew,Ralph Meeker|Ida Lupino,Drama|Action,
B000053VBK,Babette's Feast,"January 23, 2001",Gabriel Axel,St¨¦phane Audran|Bodil Kjer|Birgitte Federspiel|Jarl Kulle|Jean-Philippe Lafont,,Closed-captioned|Color|Letterboxed|Subtitled|Widescreen|NTSC
B000PHW2PY,Konga Roja,"July 17, 2007",Alejandro Galindo,Pedro Armend¨¢riz|Jorge Arriaga|Mar¨ªa Antonieta Pons,,Multiple Formats|Black & White|NTSC
B0000A2ZNM,Losing Isaiah,"September 9, 2003",Stephen Gyllenhaal,Jessica Lange|Halle Berry|David Strathairn|Cuba Gooding Jr.|Daisy Eagan,,Anamorphic|Closed-captioned|Color|Dolby|Subtitled|Widescreen|NTSC
B004LYWQ12,Passion Play,"May 31, 2011",Mitch Glazer,Mickey Rourke|Megan Fox|Bill Murray|Rhys Ifans|Kelly Lynch,,Multiple Formats|AC-3|Blu-ray|Dolby|DTS Surround Sound|NTSC|Widescreen
B003DNFMYA,Damage,2009,Jeff King,Steve Austin|Lynda Boyd|William B. Davis,Action|Adventure|Drama,
B000LXGXYI,Narcotic,"January 30, 2007",Dwain Esper,Harry Cording,,Multiple Formats|Black & White|NTSC
6305340870,Boogie Woogie Piano Rock a Lessons VHS,"October 10, 2000",,,,Color|NTSC
B002JDWNSS,Angel & The Badman,"October 27, 2009",,Lou Diamond Phillips|Luke Perry,,Multiple Formats|AC-3|Color|Dolby|NTSC|Subtitled|Widescreen
B0001GH77W,The Over-the-Hill Gang,"February 10, 2004",Jean Yarbrough,Walter Brennan|Edgar Buchanan|Andy Devine|Jack Elam|Gypsy Rose Lee,,Color|NTSC
B00092ZAO0,Wagner: Das Rheingold,"August 9, 2005",Brian Large,Donald McIntyre|Martin Egel|Siegfried Jerusalem|Heinz Zednik|Hanna Schwarz,,Full Screen|Classical|Color|Dolby|NTSC|Subtitled|DTS Surround Sound
B0028OA01K,Dead Man Walking,"February 6, 2001",,,,NTSC
B000057X1Q,Bamboozled,[],Spike Lee,Damon Wayans|Savion Glover|Jada Pinkett Smith|Tommy Davidson|Michael Rapaport,,PAL
B0069HECQG,Baby Einstein: Baby Lullaby,"February 7, 2012",,,,Multiple Formats|Animated|Color|Dolby|Dubbed|Full Screen|NTSC|Subtitled
B001L7TJGW,Kadhalil Vizhundhen/Mayavi 2-in-1 Tamil Cinema/Tollywood/Indian Regional Cinema,"November 14, 2008",P V Prasath (Kadhalil Vizhundhen)|Singampuli (Mayavi),Nakul (Kadhalil Vizhundhen)|Sunaina (Kadhalil Vizhundhen)|Surya (Mayavi)|Jothika (Mayavi),,NTSC|Surround Sound|Widescreen
6304025696,Five for Hell VHS,"February 27, 1996",Gianfranco Parolini,Gianni Garko|Margaret Lee|Klaus Kinski|Aldo Canti|Salvatore Borghese,,Color|NTSC
B00005T5YT,Almost Famous VHS,[],Cameron Crowe,Billy Crudup|Patrick Fugit|Kate Hudson|Frances McDormand|Jason Lee,,PAL
630584836X,Moving Target,"May 30, 2000",Paul Ziller,Don Wilson|Hillary Kavanagh|Bill Murphy|Terry McMahon|Eileen McCloskey,,Multiple Formats|Color|Dolby|Full Screen|NTSC
B00166UFZ2,Cuando Seas Mia,"June 3, 2008",,Sergio Bazanez|Rodrigo Abed,,Box set|Color|Dolby|Full Screen|NTSC
6304287887,Abraham Lincoln VHS,"November 6, 1996",D.W. Griffith,Walter Huston|Una Merkel|William L. Thorne|Lucille La Verne|Helen Freeman,,Black & White|Color|EP|NTSC
B000KJTG60,Tito Puente: King of Latin Music (DVD & Book Combo),[],,,,
B00005KISO,Rollerball,[],Norman Jewison,James Caan|John Houseman|Maud Adams|John Beck|Moses Gunn,,PAL
B0003JAIZU,"Mysteries, Magic & Miracles: Season 1","January 25, 2005",,,,Box set|Closed-captioned|Color|Dolby|NTSC
B000X7S9PS,The Knockout 1914,"October 14, 2007",Charles Avery,Charles Chaplin|Roscoe 'Fatty' Arbuckle|Minta Durfee|Edgar Kennedy,,NTSC
B0000CNY5C,A Town Called Hell,"October 7, 2003",Robert Parrish,Charlie Bravo|Michael Craig|Tony Cyrus|Bruce M. Fischer|Tito Garcia,,Color|NTSC
B000PDZIW2,Paula's Home Cooking with Paula Deen - Sure To Please,"June 5, 2007",,,,Multiple Formats|Box set|Color|NTSC
B004LROMSY,Camelot: Season 1,"September 13, 2011",,Jamie Campbell Bower|Tamsin Egerton|Joseph Fiennes|Eva Green|Peter Mooney,,Multiple Formats|Blu-ray|NTSC|Widescreen
0783226659,Amistad VHS,"January 11, 2000",Steven Spielberg,Djimon Hounsou|Matthew McConaughey|Anthony Hopkins|Morgan Freeman|Nigel Hawthorne,,Closed-captioned|Color|THX|NTSC
B00005NCZE,Rude Boy,[],Jack Hazan|David Mingay,Dave Armstrong|Barry Baker|Terry Barry|Reg Bazell|Stephen Behan,,PAL
B000B6CO3O,Bush Christmas,"November 8, 2005",Ralph Smart,Chips Rafferty|John Fernside|Stan Tolhurst|Pat Penny|Thelma Grigg,,Black & White|Full Screen|NTSC|Subtitled
6303985394,Giant Gila Monster VHS,"February 20, 1996",Ray Kellogg,Don Sullivan|Fred Graham|Lisa Simone|Shug Fisher|Bob Thompson,,Black & White|EP|NTSC
B0013D8LEA,The Fall Of The Roman Empire,"April 29, 2008",Anthony Mann,Alec Guinness|Sophia Loren|Peter Damon|Mel Ferrer|Stephen Boyd,,Multiple Formats|Widescreen|NTSC
B00009V8XX,Wasabi,[],G¨¦rard Krawczyk,Jean Reno|Ryoko Hirosue|Michel Muller|Carole Bouquet|Yoshi Oida,,PAL
B00008AOSP,Excel Saga: Going Way Too Far - Volume 6,"April 8, 2003",Shinichi Watanabe,,,Animated|Color|PAL
B002VWKBAO,Hercules,"November 6, 2009",Pietro Francisci,Steve Reeves|Sylvia Koscina|Fabrizio Mioni|Ivo Garrani,,NTSC
B000GYI3JU,Apaches,"October 24, 2006",Gottfried Kolditz,Gojko Mitic|Milan Beli|Colea Rautu|Leon Niemczyk|Gerry Wolff,,Color|NTSC|Subtitled|Widescreen
B003CIUAW0,Lil Abner,"March 15, 2010",Albert Rogell|Widescreen TV. Director Adeeb Barsoum,Martha O'Driscoll|Granville Owen|Buster Keaton|Mona Ray,,Multiple Formats|Dolby|NTSC|Widescreen
B00029YLZ4,Beretta: How to Shoot,"August 1, 2003",Lenny Magill,Bill Wilson,,Multiple Formats|Color|Digital Sound|NTSC
B00008FBD9,Terminator 2 VHS,"May 25, 1994",James Cameron,Arnold Schwarzenegger|Linda Hamilton|Edward Furlong|Robert Patrick|Earl Boen,,NTSC
B004EIBZFS,Christmas Mail,2010,John Murlowski,Ashley Scott|A.j. Buckley|Vanessa Lee Evigan,Comedy,
B005O0ABUA,Qigong for Healing,"October 18, 2011",,,,NTSC
B003VBNN7C,Coyote Ugly,2000,David McNally,Piper Perabo|Adam Garcia|Maria Bello,Drama,
B001ECQ6E2,Quo Vadis,"March 17, 2009",Mervyn LeRoy,Robert Taylor|Deborah Kerr|Peter Ustinov|Leo Genn|Patricia Laffan,,Multiple Formats|Blu-ray|Color|NTSC|Original recording remastered|Restored
B000085EEH,Mr. Bean - The Whole Bean Complete Set  VHS,"April 29, 2003",,Rowan Atkinson|Teddy|Robin Driscoll|Matilda Ziegler|Matthew Ashforde,,Box set|Closed-captioned|Color|NTSC
B000MD7OKY,To Catch A Thief,1955,Alfred Hitchcock,Cary Grant|Grace Kelly|Jessie Royce Landis,Suspense|Drama,
B000LW7N6G,Serpico,"December 3, 2002",,,,NTSC
B0002F6AWU,Princess Stallion VHS,"July 6, 2004",Mark Haber,Ariana Richards|Andrew Keir|David Robb|Marcia Layton|Sarah Keller,,Color|NTSC
B0000C0FC4,Firm: Total Sculpt Plus Abs VHS,"October 7, 2003",,,,Color|NTSC
B000A0GY28,The Knowledge of Healing,"September 20, 2005",Franz Reichle,,,Multiple Formats|Closed-captioned|Color|NTSC|Subtitled
B005ND87SQ,Branded to Kill,"December 13, 2011",Seijun Suzuki,Joe Shishido|Mariko Ogawa|Annu Mari|Koji Nanbara,,Black & White|NTSC|Subtitled|Widescreen
B0018BDDF4,Reno 911: Season 5,"July 15, 2008",,Cedric Yarbrough|Robert Ben Garant|Thomas Lennon,,Multiple Formats|Box set|Color|Dolby|Full Screen|NTSC
B000QCUA0C,Hillbilly Comedy Collection,"May 29, 2007",,Various,,Multiple Formats|Black & White|Color|Dolby|NTSC
B001M3XZ5Q,The Last Blitzkrieg,1959,Arthur Dreifuss,Dick York|Hans Bentz|Van Johnson,Action,
B000TSJ022,SELF - Ultimate De-Stress Yoga,"October 9, 2007",Self Crew,Self,,Color|Dolby|NTSC
B005LAIGTG,The Vow,"May 8, 2012",Michael Sucsy,Rachel McAdams|Channing Tatum|Sam Neill|Scott Speedman,,Blu-ray|Ultraviolet|AC-3|Color|Dolby|Dubbed|Subtitled|Widescreen|Digital_copy
6305214220,"The Standard Deviants: Organic Chemistry, Part 1 VHS","April 5, 2000",,,,Color|NTSC
6305574936,Election VHS,"March 7, 2000",Alexander Payne,Matthew Broderick|Reese Witherspoon|Chris Klein|Colleen Camp|Matt Malloy,,Closed-captioned|Color|HiFi Sound|NTSC
188792454X,Forever Maui,"November 1, 2002",John Dobovan,,,Multiple Formats|AC-3|Color|Full Screen|Subtitled|NTSC
B001LNOMX6,GREAT TRAIN ROBBERY,"December 5, 2008",Sinister Cinema,,,NTSC
B000P2A5VC,A Star is Born (1937),"April 6, 2010",William A. Wellman|Jack Conway,Janet Gaynor|Adolphe Menjou,,NTSC
1931021163,"Animals of the Amazon Animal Safari, vol.2  VHS","August 19, 1999",Karla Majewski,Edith Cooper,,Color|NTSC
6301677927,Valdez Horses VHS,"March 27, 1990",Duilio Coletti|John Sturges,Charles Bronson|Jill Ireland|Marcel Bozzuffi|Vincent Van Patten|Fausto Tozzi,,NTSC
B00441GZ00,Red Rock West,"December 7, 2010",John Dahl,Nicolas Cage|Dennis Hopper|Lara Flynn Boyle,,Multiple Formats|Color|Dolby|Full Screen|NTSC
B0073LID7Q,Vampyres,1975,Jose Ramon Larraz,Marianne Morris|Anulka|Murray Brown,Horror,
B002EZLO04,Water Life: The Big Blue,"August 25, 2009",Cin-TV,N|a,,Multiple Formats|Blu-ray|Color|NTSC|Widescreen
B005MYEPX2,Justice for Natalee Holloway,"December 6, 2011",Stephen Kay,Tracy Pollan|Stephen Amell|Scott Cohen|Amy Gumenick|Michael Beach,,Multiple Formats|AC-3|Closed-captioned|Color|Dolby|NTSC|Subtitled|Widescreen
B0007Y08MY,The Godfather: Part II,"May 24, 2005",Francis Ford Coppola,Al Pacino|Robert De Niro|Robert Duvall|Diane Keaton|John Cazale,,Multiple Formats|Color|Widescreen|NTSC
B000A15FEA,Author! Author!,[],Arthur Hiller,Al Pacino|Dyan Cannon|Tuesday Weld|Bob Dishy|Bob Elliott,,PAL
B002NZK5VY,Two Weeks Notice,"November 3, 2009",Marc Lawrence,Sandra Bullock|Hugh Grant|Alicia Witt|Dana Ivey|Robert Klein,,AC-3|Color|Dolby|Dubbed|NTSC|Subtitled|Widescreen
B000S76VHQ,Amongst White Clouds,"June 26, 2007",Edward A. Burger,Chinese Buddhist hermit monks,,NTSC
B001D0BM44,Home Made,2008,Maxim Media International,,Horror,
B0052DG5MW,Cut-Throats Nine / Joshua,"August 16, 2011",,,,Color|NTSC
B000ETRA82,Pillars of Faith - New Testament Witnesses,"June 20, 2006",,,,Multiple Formats|Color|Dolby|NTSC
B007IM0HQA,Mediatakeout.com Presents First Date - Complete Season One 13 Episodes,"March 8, 2012",Dan Garcia,,,NTSC
B0000TLBUE,Leslie Sansone - Walk the Walk: 1 & 2 Mile,"November 18, 2003",Cal Pozo,Leslie Sansone,,Multiple Formats|Color|NTSC
B0002KQNKY,It's Alive,"October 5, 2004",Larry Cohen,John P. Ryan|Sharon Farrell|Andrew Duggan|Guy Stockwell|James Dixon,,Closed-captioned|Color|Dubbed|Subtitled|Widescreen|NTSC
B00016XN34,David Cassidy - Live in Concert,"February 24, 2004",,David Cassidy,,Color|Dolby|DTS Surround Sound|NTSC|Widescreen
B00004WG1A,Ultimate Guide - Sharks VHS,"August 21, 2001",Nick Caloyianis|Clarita Berger,,,Closed-captioned|Color|Original recording reissued|NTSC
B0000068CG,Sleeper / Movie VHS,"March 2, 1994",,,,Closed-captioned|Color|HiFi Sound|NTSC
B00005TT2T,Andromeda,[],,Kevin Sorbo|Lisa Ryder|Laura Bertram|Gordon Michael Woolvett|Lexa Doig,,PAL
B00008PC1A,Five Guns West,"May 20, 2003",Roger Corman,John Lund|Dorothy Malone|Mike Connors|R. Wright Campbell|Jonathan Haze,,Color|Dubbed|Full Screen|Subtitled|NTSC
B001675YUM,You're Triflin,"June 3, 2008",Frederick Alexander,Michael Blackson|Walter Fauntleroy|Erika Cameron|Juan Branch,,Multiple Formats|Color|NTSC
B000M53GNQ,Confetti,"March 6, 2007",Debbie Isitt,Martin Freeman|Jessica Hynes|Stephen Mangan|Meredith MacNeill|Robert Webb,,AC-3|Color|Dolby|Dubbed|NTSC|Subtitled|Widescreen
6305176183,Night Tide VHS,"December 1, 1998",Curtis Harrington,Dennis Hopper|Linda Lawson|Gavin Muir|Luana Anders|Marjorie Eaton,,Black & White|Letterboxed|Widescreen|NTSC
B0000639LZ,Big Eden VHS,"April 30, 2002",Thomas Bezucha,Arye Gross|Eric Schweig|Tim DeKay|Louise Fletcher|George Coe,,Color|NTSC
B0000A08L7,The Last Time I Saw Paris,[],Richard Brooks,Elizabeth Taylor|Van Johnson|Walter Pidgeon|Donna Reed|Eva Gabor,,PAL
630262486X,The Great American West VHS,"October 20, 1992",Reed Smoot,Jason Robards|Sagiri Arima|Preston Cheung|Christopher Ivins|Robert Lee,,Color|EP|NTSC
B005IXSXXU,Gravy Train,2006,Wes C. Redmon,,Kids|Comedy,
B003NF97KS,"Old Man and the Sea, The (DVD)","June 8, 2010",John Sturges,Spencer Tracy|Felipe Pazos|Harry Bellaver,,Multiple Formats|AC-3|Dolby|Dubbed|Full Screen|NTSC|Subtitled|Widescreen
B0010X8NFK,The Comebacks,"January 29, 2008",Tom Brady,David Koechner|Robert Ri'chard|DJ Qualls|Carl Weathers|Melora Hardin,,Multiple Formats|AC-3|Dolby|Dubbed|Full Screen|NTSC|Subtitled|Widescreen
B000SOHIQW,World of Fingerstyle Jazz Guitar,"September 29, 2003",Various,Martin Taylor|Jim Nichols|Tommy Crook & Duck Baker,,Color|NTSC
B002OKTI5W,Bigfoot: The Unforgettable Encounter,1994,Corey Michael Eubanks,JoJo Adams|Brian Avery|Derek Barton,Kids|Arthouse,
B000VQQJAI,Drums We Love,"October 16, 2007",Joel Goldberg,Samba Squad,,Multiple Formats|Color|Dolby|Import|NTSC
B000BRM99W,The Divine Mother Prenatal Yoga Series with Anna Getty,"November 4, 2005",Ron Hamad,Anna Getty,,Color|Full Screen|NTSC
B002MB0W8K,Kambakkht Ishq,"July 1, 2009",Sabir Khan,Sylvester Stallone|Denise Richards|Brandon Routh|Whoopi Goldberg|Akshay Kumar,,Multiple Formats|Color|Digital Sound|NTSC|Subtitled|Anamorphic
B000FP2ZNA,Boys Night Out: Dude You Need to Stop Dancing,"June 27, 2006",,,,Multiple Formats|Color|NTSC
B002TPHOA8,Live,"December 1, 2009",,,,Multiple Formats|Color|NTSC
B000U7KEUY,The Office,2005,,,Comedy,
B0002PYSK6,Bashful Bachelor,"September 28, 2004",Malcolm St. Clair,Chester Lauck|Norris Goff|Zasu Pitts|Grady Sutton|Oscar O'Shea,,Multiple Formats|Black & White|Closed-captioned|Dolby|NTSC
B00004CKOJ,Nuit et brouillard VHS,[],Alain Resnais,Michel Bouquet|Reinhard Heydrich|Heinrich Himmler|Adolf Hitler|Julius Streicher,,PAL
6301302982,Pin Up Girl VHS,"January 1, 1998",H. Bruce Humberstone,Betty Grable|John Harvey|Martha Raye|Joe E. Brown|Eugene Pallette,,Closed-captioned|Color|HiFi Sound|NTSC
0780020464,Cleo From 5 to 7 VHS,"June 20, 2000",Agn¨¨s Varda,Corinne Marchand|Antoine Bourseiller|Dominique Davray|Doroth¨¦e Blanck|Michel Legrand,,Black & White|Color|NTSC
B0000520PI,Winnie the Pooh - A Valentine for You VHS,"January 9, 2001",,Jim Cummings|Brady Bluhm|Andre Stojka|John Fiedler|Peter Cullen,,Animated|Closed-captioned|Color|Original recording reissued|NTSC
B00028HBJI,Backbeat,"January 25, 2005",Iain Softley,Sheryl Lee|Stephen Dorff|Ian Hart,,AC-3|Color|Dolby|Dubbed|NTSC|Special Edition|Subtitled|Widescreen|Digital Video Transfer|Surround Sound|Restored
B000QKB4RM,Connecticut Yankee,1989,Mel Damski,Keshia Knight Pulliam|Jean Marsh|Rene Auberjonois,Comedy,
B0068PN7JW,Submission Fighting for the Street: Volume 1: Mount Position Techniques,[],,,,
B0002QO41I,Whatever Happened To Baby Jane? / The Bad Seed,"October 12, 2004",,,,NTSC
B001N4PPWK,Leverage,2009,,,Drama,
6304834136,Fairy Tale: A True Story VHS,"October 6, 1998",Charles Sturridge,Paul McGann|Florence Hoath|Elizabeth Earl|Harvey Keitel|Jason Salkey,,Color|NTSC
B000NJL53Y,American Experience: The Berlin Airlift,"March 6, 2007",Peter Herman Adler|Alexander Berkel|Stefan Mausbach,Joe Morton,,Color|NTSC
B0006L0LKW,"Saved by the Bell - The New Class, Season 1","January 25, 2005",,Dennis Haskins|Dustin Diamond|Jonathan Angel,,Box set|Closed-captioned|Color|Dolby|Full Screen|NTSC
B004WSJE9Y,Favela Rising,2009,Jeff Zimbalist|Matt Mochary,,Special Interest|Documentary,
B00008LE0T,Passion,"October 25, 2007",Xavier Beauvois,Barbara Hershey|Richard Roxburgh|Emily Woof,,NTSC|Import
6301254902,Extremities VHS,"August 23, 1989",Robert M. Young,Farrah Fawcett|James Russo|Alfre Woodard|Diana Scarwid|Sandy Martin,,NTSC
B003DZAMBG,Civil War Life Set,"October 7, 2003",-,-,,Color|NTSC
B004I0CHDQ,Killers of the Deep,"January 1, 2011",John Stoneman,None,,Multiple Formats|Color|Dolby|NTSC|Widescreen
B0013NAMKQ,The 2007 Newport Music Festival - Connoisseur's Collection,"July 1, 2008",,,,Multiple Formats|AC-3|Box set|Classical|Color|NTSC|Widescreen
B000UDUMXW,On The Muscle: Portrait Of A Thoroughbred Racing Stable,"September 18, 2007",,,,Color|NTSC
6302098564,The Twilight Zone: A Passage For Trumpet/ The Four of Us Are Dying VHS,"January 1, 1998",,Rod Serling|Robert McCord|Jay Overholts|Vaughn Taylor|James Turley,,Black & White|HiFi Sound|NTSC
B001DJLD30,Tom and Jerry: Hijinks and Shrieks/Tom and Jerry: Blast Off To Mars 2-Pack,"August 5, 2008",Various,Various,,Multiple Formats|Animated|Color|NTSC
B004BJMENM,The Lovers & Friends Show: Season 3,"January 25, 2011",Charmain Johnson,Marlaina Law|Kendal Starr,,Multiple Formats|Color|NTSC|Widescreen
6300198901,Why We Fight - The Battle of China: Assault on the Great Wall VHS,"May 29, 2001",Anatole Litvak|Frank Capra,Claire Chennault|Kai-Shek Chiang|Madame Chiang|Teh Chu|Winston Churchill,,Black & White|NTSC
B003QHWGD8,Tna Wrestling: Slammiversary VIII 2010,"August 24, 2010",,,,Color|NTSC
B00004X022,The Secret VHS,"September 19, 2000",,,,Color|NTSC
6302717299,Charlie Chan - The Jade Mask VHS,"July 21, 1998",Phil Rosen,Sidney Toler|Mantan Moreland|Edwin Luke|Hardie Albright|Frank Reicher,,Black & White|NTSC
B00000JGOL,54,"August 17, 1999",Mark Christopher,Ryan Phillippe|Salma Hayek|Sela Ward|Breckin Meyer|Sherry Stringfield,,Closed-captioned|Color|Letterboxed|Widescreen|NTSC
B0000DINNQ,Saajan,"October 30, 2007",,Sanjay Dutt|Salman Khan,,Color|Import|NTSC
B008XFANBK,Lake Effects,2012,Michael McKay,Scottie Thompson|Jane Seymour|Madeline Zima,Drama,
B004H8J1U6,Exploitation Cinema: Supervan / Jailbait,"April 26, 2011",,,,Multiple Formats|Color|NTSC
B0010DM3RO,Stuart Little,"January 8, 2008",,,,Multiple Formats|Closed-captioned|Color|Dubbed|Full Screen|NTSC|Subtitled
B000065FTC,What's Good for the Goose VHS,"February 3, 2004",Menahem Golan,Norman Wisdom|Sally Geeson|Sarah Atkinson|Sally Bazely|Stuart Nichol,,Color|NTSC
B0000V47B2,Comic Book - The Movie,"January 27, 2004",Mark Hamill,Lori Alan|Joseph Burns (II)|Megan Cornelius|Jim Cummings|Donna D'Errico,,Closed-captioned|Color|NTSC
B000H8SFIY,The Children's Bible: 25 Tales From the Old Testament,"September 19, 2006",,,,Color|NTSC
B001MWGZ4A,Frontline: Shtetl,"March 17, 2009",Marian Marzynski,.,,Multiple Formats|Closed-captioned|Color|NTSC
B005DZKEBW,P2/ Trailer Park Of Terror Double Feature,"October 10, 2011",,,,AC-3|Color|Dolby|NTSC|Subtitled|Widescreen
B000A36K92,Mystique - The Art of R.C. Gorman,"June 28, 2005",L.H. Deutman,Gorman,,Dolby|Full Screen|NTSC
6305010633,Till the Clouds Roll by,"January 1, 1946",George Sidney|Richard Whorf|Vincente Minnelli,Robert Walker|Van Heflin|Lucille Bremer|June Allyson|Judy Garland,,Black & White|Color|NTSC
B005IXSTY8,Gravy Train,2006,Wes C. Redmon,,Kids|Comedy,
B004GO9HAU,New Year Is Really Nice,2010,Chengyun Ma,xinxin Niu|Chengyu Chen,Kids|International,
B000641ZPO,Trapped,"November 23, 2004",Richard Fleischer,Lloyd Bridges|Barbara Payton|John Hoyt|James Todd|Russ Conway,,Multiple Formats|Black & White|Closed-captioned|Dolby|NTSC
6302842425,A Dream for Christmas VHS,"September 28, 1999",Ralph Senensky,Hari Rhodes|Beah Richards|Lynn Hamilton|George Spell|Marlin Adams,,Color|HiFi Sound|NTSC
B005GT3XD6,Lie To Me: Season 3,"October 4, 2011",,Tim Roth|Brendan Hines|Monica Raymund|Kelli Williams|Haley MacFarland,,Multiple Formats|AC-3|Box set|Color|Dolby|Dubbed|NTSC|Subtitled|Widescreen
B001IOQW5O,"Nadia, Vol. 2: Secret of Blue Water Collection","December 16, 2008",,,,Animated|Box set|Color|Dubbed|NTSC|Subtitled
B001R59KR6,Charlotte Gray,2001,Gillian Armstrong,Cate Blanchett|Billy Crudup|Michael Gambon,Drama,
B0009S2K9W,Marilyn Monroe - The Final Days,"August 2, 2005",Patty Ivins Specht,James Coburn|Gene Allen|Steve Allen|Lauren Bacall|George Barris,,Color|Full Screen|NTSC
B000FKO5R4,Deepwater,"February 6, 2014",David S. Marfield,Lucas Black|Peter Coyote|M¨ªa Maestro|Lesley Ann Warren|Xander Berkeley,,Multiple Formats|Color|NTSC
B000QRIJV4,ABC News Primetime Randy Weaver: Ruby Ridge,"April 6, 2010",,,,NTSC
B00005KHL1,Maniac VHS,"August 21, 2001",William Lustig,Joe Spinell|Caroline Munro|Abigail Clayton|Kelly Piper|Rita Montone,,Closed-captioned|Color|NTSC
B00004WI6J,When It Was a Game 2 VHS,"April 1, 1997",,Hank Aaron|Mel Allen|Elden Auker|Red Barber|John Beradino,,Black & White|Color|NTSC
630246286X,Greatest Moments in Dallas Cowboys Hi VHS,"June 15, 1992",,Dallas Cowboys|Tom Landry,,Color|NTSC
B000GNOFBQ,L'homme Orchestre,"March 21, 2006",Serge Korber,Olivier De Funes|Paul Preboist|Noelle Adam|Louis De Funes,,Multiple Formats|Dolby|NTSC
B002ZOBDQY,Suburban Roulette,2009,Sinister Cinema,,Drama,
B003ORC54U,Robin Hood,2006,,Keith Allen|Joe Armstrong|Jonas Armstrong,Adventure|Drama|Historical,
B001PYD0KW,In The Realm Of The Senses,"June 1, 2010",,Tatsuya Fuji|Akiko Koyama|Eiko Matsuda|Aoi Nakajima|Meika Seri,,Multiple Formats|Blu-ray|Color|NTSC|Special Edition|Subtitled|Widescreen
B000E0VO2E,The Band from Utopia: A Tribute to the Music of Frank Zappa - Live in Stuttgart,"February 21, 2006",,,,Multiple Formats|AC-3|Color|Dolby|DTS Surround Sound|NTSC
B002BWOZ6A,Five for Hell,"June 2, 2009",Gianfranco Parolini,Gianni Garko|Klaus Kinski|Aldo Canti,,NTSC
B0001BKBO8,Take Me Home VHS,"April 13, 2004",Jerry London,Chad Lowe|Kristin Davis|Gerald McRaney|Brian Markinson|Susan Hogan,,Color|NTSC
B00319ECE2,Movie Marathon Collection: Old School Hits (Trippin' / Half Baked / Screwed / How High / CB4),"March 2, 2010",David Raynr|Scott Alexander|Larry Karaszewski|Tamra Davis|Jesse Dylan,Dave Chappelle|Method Man|Chris Rock|Deon Richmond|Norm MacDonald,,Multiple Formats|Box set|Color|NTSC|Widescreen
B000A34580,National Treasures - Secret Signs & Symbols of the U.S. Founding Fathers,"July 26, 2005",William Henry,William Henry,,Multiple Formats|Color|NTSC
B00004RRQR,Twin Sitters VHS,[],John Paragon,Peter Paul|David Paul|Christian Cousins|Joseph Cousins|Rena Sofer,,PAL
6305728437,Mulan VHS,"February 1, 2000",Barry Cook|Tony Bancroft,Ming-Na Wen|Eddie Murphy|BD Wong|Lea Salonga|June Foray,,Animated|Closed-captioned|Color|Original recording reissued|NTSC
B0006SSPTY,X - Part 1,"January 11, 2005",,,,Animated|Box set|Color|Dolby|Subtitled|NTSC
0767814622,Midnight Express Aniv Rmst  VHS,"October 20, 1998",Alan Parker,Brad Davis|Irene Miracle|Bo Hopkins|Paolo Bonacelli|Paul L. Smith,,Closed-captioned|Color|Original recording reissued|Special Edition|NTSC
B0001SYKE8,Run For Your Money VHS,"March 2, 2004",Charles Frend,Donald Houston|Meredith Edwards|Moira Lister|Alec Guinness|Hugh Griffith,,NTSC
6303948006,Venus Rising VHS,"March 12, 1996",Edgar Michael Bravo|Leora Barish,Jessica Alba|Henry Bean|Dennis Dun|Audie England|Morgan Fairchild,,Color|NTSC
B0015O2HEC,A Sangre Y Fuego,"November 16, 2007",,,,NTSC
B000HIVIVU,Vapid Shallow Models Must Die!,"November 14, 2006",Michael Haboush,Mark Studner|Stephen Molinaro|Jason north|Michael Haboush|Paolo Carascon Jr.,,Multiple Formats|Closed-captioned|Color|Dolby|NTSC
B000LW7LWW,Czech Dream,"December 4, 2007",Vt Klusk|Filip Remunda,,,Multiple Formats|Color|NTSC
0970217013,CHAPTERS,"February 2, 2006",K-Cutta,TC Sharpe|Florence Roach|Martin Gardner|Chris Walls,,Anamorphic|Color|Digital Sound|Dolby|Drama enhanced|Full length|Letterboxed|Surround Sound|Widescreen|NTSC
B004CWLRGI,Detective Montalbano: Episodes 13-15,"November 23, 2010",,,,Multiple Formats|Color|NTSC|Widescreen
B004KPUMMC,The Girl Who Kicked The Hornet's Nest (English Dubbed),2010,Daniel Alfredson,Michael Nyqvist|Noomi Rapace|Lena Endre,Action|Arthouse|International|Suspense,
6303038778,Big Timers VHS,"February 4, 1994",Bud Pollard,Duke Williams|Lou Swarz|Gertrude Saunders|Stepin Fetchit|Tarzana,,Black & White|NTSC
6305799210,Midnight Dancers,"May 9, 2000",Mel Chionglo,Alex Del Rosario|Gandong Cervantes|Lawrence David|Luis Cortes|Richard Cassity,,Multiple Formats|Color|NTSC|Subtitled
6304870299,John Wayne Collection - Vol. 1: Man From Utah/Sagebrush Trail,"December 9, 1997",Armand Schaefer|Robert N. Bradbury,John Wayne|Polly Ann Young|Anita Campillo|Edward Peil Sr.|George 'Gabby' Hayes,,Multiple Formats|Black & White|Dolby|NTSC
B007K01OGW,The Amanda Show: Season 2,"March 14, 2012",,,,NTSC
B003JYOFBO,Ralph S. Mouse,"September 28, 2010",,,,Multiple Formats|Animated|Color|NTSC
B0000AUHPR,The Last Tycoon,"November 18, 2003",Elia Kazan,Robert De Niro|Tony Curtis|Robert Mitchum|Jeanne Moreau|Jack Nicholson,,Anamorphic|Closed-captioned|Color|Dolby|Widescreen|NTSC
B000NP3ZN6,Wushu Three Section Staff,"February 21, 2007",TC Media International,Jiangsu Wushu Team,,NTSC
B0044WUII4,Terror of Mechagodzilla,1975,Ishir? Honda,Katsuhiko Sasaki|Katsuhiko Sasaki|Tomoki Ai,Science Fiction,
B0001BPREM,Mona Lisa Smile VHS,"June 1, 2004",Mike Newell,Julia Roberts|Kirsten Dunst|Julia Stiles|Maggie Gyllenhaal|Marcia Gay Harden,,Closed-captioned|Color|Dolby|NTSC
B00004COOP,Jack Be Nimble VHS,[],Garth Maxwell,Alexis Arquette|Sarah Smuts-Kennedy|Bruno Lawrence|Tony Barry|Elizabeth Hawthorne,,PAL
B000CEX3JE,"Function, Flow, & Glow: the Art of Sexual Yoga","September 1, 2005",,David Deida,,Color|Full length|NTSC
B0002F6B7O,War Stories VHS,"August 17, 2004",,Jeff Goldblum|Louis Lombard,,Closed-captioned|Color|NTSC
6304278861,Your Best Body: Sculpt & Groove VHS,"January 7, 1997",,,,Closed-captioned|Color|HiFi Sound|NTSC
6304030878,Private Life of Plants 1: Branching Out VHS,"March 26, 1996",,David Attenborough,,Closed-captioned|Color|NTSC
B00000FBKS,Maidsplay & Dreiske Discipline Lecture VHS,"November 19, 1998",,,,Subtitled|NTSC
B003H25YS6,Crazy on the Outside,"April 13, 2010",Tim Allen,Tim Allen|Ray Liotta|Carrie-Anne Moss|Julie Bowen|Sigourney Weaver,,Multiple Formats|HiFi Sound|NTSC
B00180R07W,"Pure Barre: Ballet, Dance & Pilates Fusion","July 8, 2008",BayView,Carrie Rezabek,,Color|NTSC
B00005QAPQ,The Black Cat / The Fat Black Pussycat,"November 13, 2001",Harold Hoffman|Harold Lea,Frank Jamus|Janet Damon|Patricia McNair|Hugh Romney|Hyman Augenstein,,Black & White|Full Screen|NTSC|Special Edition
B0001EFTRY,Intolerance: A Sun Play of the Ages,"March 10, 2004",D.W. Griffith,Spottiswood Aitken|Mary Alden|Frank Bennett|Monte Blue|Lucille Brown,,Black & White|Silent|NTSC
1578260825,Anyone Can Be An Expert Skier: The New Way to Ski Video VHS,"January 11, 2002",,,,NTSC
B0000AKY5A,Galactica 10 Movie Pack,"August 5, 2003",Roger Corman|Peter Fonda|Shane T. Hall,Peter Graves|Fred Williamson|Jack Nicholson|Keith Carradine|Howard Keel,,Black & White|Color|Full Screen|NTSC|Mono
B0000AOV7F,Let It Come Down: The Life of Paul Bowles,"September 2, 2003",Jennifer Baichwal,Paul Bowles|William S. Burroughs|Cherifa|Mohammed Choukri|Allen Ginsberg,,Multiple Formats|Color|NTSC
B003EFGK0C,Crazy Heart,2009,Scott Cooper|Eric Brenner,Jeff Bridges|Jeff Bridges|Maggie Gyllenhaal,Drama|Music Videos and Concerts|Romance,
6304613938,Rail of the Star VHS,"November 11, 1998",,,,Animated|Color|HiFi Sound|NTSC
0800185196,From Here to Eternity with Oscar's Greatest Moments 1971-1991  VHS,"February 24, 1998",Fred Zinnemann,Burt Lancaster|Montgomery Clift|Deborah Kerr|Donna Reed|Frank Sinatra,,Black & White|HiFi Sound|NTSC
B000QUEPRS,Darkman,"July 31, 2007",Sam Raimi,Liam Neeson|Frances McDormand|Larry Drake|Colin Friels|Nelson Mashita,,AC-3|Color|Dolby|Dubbed|NTSC|Subtitled|Widescreen
B00005AQ5T,Panic VHS,"June 19, 2001",Henry Bromell,William H. Macy|John Ritter|Neve Campbell|Donald Sutherland|Tracey Ullman,,Closed-captioned|Color|NTSC
B00005IAR1,High Noon VHS,"October 23, 2001",Rod Hardy,Tom Skerritt|Susanna Thompson|Reed Diamond|David Lereaney|Maria Conchita Alonso,,Closed-captioned|Color|NTSC
6303019900,Murphy's Law VHS,"January 15, 1994",,,,Color|NTSC
B000MTEGSG,Bernadette,"August 15, 2008",Jean Delannoy,Sydney Penny|Roland Lesaffre|Michele Simonnet,,Multiple Formats|NTSC|Widescreen
B00005KB6G,Puppet Princess,"August 28, 2001",,,,Multiple Formats|Animated|Color|NTSC
B00005782Q,Lady and the Tramp II: Scamp's Adventure VHS,[],Jeannine Roussel|Darrell Rooney,Scott Wolf|Alyssa Milano|Chazz Palminteri|Jeff Bennett|Jodi Benson,,PAL
6305701490,The Baby,"January 25, 2000",Ted Post,Anjanette Comer|Ruth Roman|Marianna Hill|Susanne Zenor|Tod Andrews,,Color|NTSC
B0002YLCV0,Hillside Strangler VHS,"November 9, 2004",,C Thomas Howell|Nicholas Turtorro,,Closed-captioned|Color|Widescreen|NTSC
6304392656,My Lucky Stars VHS,"January 28, 1997",,Jackie Chan|Charlie Chin|Tat-wah Cho|Shui-Fan Fung|Sibelle Hu,,Color|NTSC
6305051186,Nightwatch VHS,"February 2, 1999",Ole Bornedal,Ewan McGregor|Nick Nolte|Patricia Arquette|Josh Brolin|Lauren Graham,,Closed-captioned|Color|Dolby|NTSC
B00561BNJK,An Invisible Sign,"November 1, 2011",Marilyn Agrelo,Jessica Alba|J.K. Simmons,,Multiple Formats|Color|NTSC|Widescreen
B0006VXLJU,Hello Kitty's Animation Theater: Once Upon a Time,"February 1, 2005",,,,Animated|Color|Dolby|Subtitled|NTSC
B00004RQDX,Ed and His Dead Mother VHS,[],Jonathan Wacks,Eric Christmas|Steve Buscemi|Harper Roisman|Sam Sorbo|Ned Beatty,,PAL
B008QOH136,Cherry,"October 23, 2012",,Various,,Multiple Formats|Color|NTSC
B000F3UA70,April's Shower,"May 23, 2006",Trish Doolan,Maria Cina|Trish Doolan|Frank Grillo|Zack Ward|Lara Harris,,Multiple Formats|Closed-captioned|Color|Dolby|NTSC
1588496554,Haleakala - House of the Sun,"October 4, 2005",Phil G. Giriodi,Phil G. Giriodi,,Full Screen|NTSC
B0007W7I56,Assault on Precinct 13,"May 10, 2005",Jean-Francois Richet,Ethan Hawke|Laurence Fishburne|Drea De Matteo|Brian Dennehy|John Leguizamo,,Multiple Formats|AC-3|Color|Dolby|DTS Surround Sound|Dubbed|Full Screen|Subtitled|NTSC
B007P6FJG2,Training in Thailand with Lumpinee & Rajadamnoern Champions,"March 16, 2012",Erich Krauss,Peteak Sitjaopor,,NTSC
B00005LQ5J,Smiling Fish & Goat on Fire VHS,"August 21, 2001",Kevin Jordan,Derick Martini|Steven Martini|Amy Hathaway|Heather Moudy|Wesley Thompson,,Closed-captioned|Color|NTSC
B00006IZI2,Marine: Earning the Title,"January 1, 1999",Vojislav Nanovic,,,Multiple Formats|Color|NTSC
B0000B1A46,Dance Hits USA,"November 4, 2003",,,,Color|NTSC
B005N1E8A4,Kylie Minogue: Aphrodite Les Folies - Live in London,"November 29, 2011",Kylie Minogue,Kylie Minogue,,Blu-ray|NTSC
B0007QJ1FM,Live at Billy Bob's Texas: Asleep at the Wheel - Act One,"May 10, 2005",Asleep at the Wheel,Asleep at the Wheel,,NTSC
B00005A4FE,Monolith,[],John Eyres,Bill Paxton|Lindsay Frost|John Hurt|Louis Gossett Jr.|Paul Ganus,,PAL
B00000IYQH,Invincible Obsessed Fighter VHS,"December 26, 2001",John King (XXXV),Michael Wong|Cliff Man|Gilbert Lo|Wan Fei|Shirley Mak,,Color|Original recording reissued|NTSC
B0017LIMO2,The Last Ridge: The Uphill Battles of the 10th Mountain Division,"June 30, 2016",Abbie Kealy,Narrator Scott Simon,,Color|NTSC
B000087F62,La Taqueria VHS,"March 11, 2003",Martin Delon,Buddy Howard|Johnathan Gwyn|Fannie Montan|Noble Chase Pack|Evelia Moreno,,Color|NTSC
B0012Z368U,The Beast in Space,"April 29, 2008",Alfonso Brescia,Sirpa Lane|Marina Hedman|Venantino Venantini,,Multiple Formats|Color|Dolby|NTSC|Subtitled|Widescreen
B0044XV3R8,Avatar,"November 16, 2010",James Cameron,Sam Worthington|Zoe Saldana|Sigourney Weaver|Michelle Rodriguez|Stephen Lang,,Multiple Formats|Special Extended Version|Color|Dolby|DTS Surround Sound|Dubbed|NTSC|Subtitled|Surround Sound|Widescreen
6302713161,Shining Time - The Juke Box Puppet Band - A Day In The Life VHS,"February 16, 1994",,Didi Conn|Brian Edward O'Connor|Alan Semok|Olga Felgemacher|Peter Baird,,Color|NTSC
B000AM4PK4,Vlad,"October 4, 2005",Michael D. Sellers,Brad Dourif|Francesco Quinn|Billy Zane|Paul Popowich|Kam Heskin,,Multiple Formats|Color|Director's Cut|NTSC|Widescreen
B0001ZX0IS,The Master Strikes,"May 11, 2004",,,,Color|Dubbed|Widescreen|NTSC
6301662695,Armored Command VHS,"June 27, 1991",Byron Haskin,Howard Keel|Tina Louise|Warner Anderson|Earl Holliman|Carleton Young,,Black & White|HiFi Sound|NTSC
B000JYW5B4,"American President, The / Dave (DVD)","January 2, 2007",Frank Langella,Michael Douglas|Annette Bening|Kevin Kline|Sigourney Weaver|Martin Sheen,,Multiple Formats|Closed-captioned|Color|NTSC|Widescreen
B000FQ4JGK,Bellydance in a Box - Introduction to Bellydance with Dolphina Gift Set,"March 21, 2006",,Goddess Workout Dolphina,,Box set|Color|Special Edition|NTSC
B00004CR57,The Fearless Vampire Killers VHS,[],Roman Polanski,Jack MacGowran|Roman Polanski|Alfie Bass|Jessie Robins|Sharon Tate,,PAL
B000051S8D,The Mask,[],Chuck Russell,Jim Carrey|Cameron Diaz|Peter Riegert|Peter Greene|Amy Yasbeck,,PAL
B0016KCCO0,"Mchale's Navy: Season 1, Vol. 1","June 3, 2008",Ernest Borgnine,Ernest Borgnine,,Multiple Formats|Color|Full Screen|NTSC
B00024769W,Cruel Intentions / Cruel Intentions 2 / Cruel Intentions 3,[],Roger Kumble,Robin Dunne|Sarah Thompson|Keri Lynn Pratt|Amy Adams|Barry Flatman,,PAL
B00005A1KX,Mutiny,"January 29, 2002",,Angela Lansbury|Mark Stevens|Patric Knowles,,Multiple Formats|Color|Dolby|NTSC
B00001U0O3,Vietnam War: Wings of Fury VHS,"April 13, 1999",Chris Noonan|John Duigan,Jim Holt|Mark Lee|Brett Climo|Alyssa-Jane Cook|Grace Parr,,NTSC
B009VUF9N8,Funkytown,2012,Daniel Roby,Patrick Huard|Justin Chatwin|Paul Doucet,Drama|Music Videos and Concerts,
B00006JDR5,Blondie - Greatest Video Hits,"October 8, 2002",,Blondie|Deborah Harry,,Color|NTSC
B0000CAPV4,A Farewell to Arms,"August 11, 2003",,Gary Cooper,,PAL
B00004R6BI,Sixteen Candles VHS,[],John Hughes,Molly Ringwald|Anthony Michael Hall|Justin Henry|Michael Schoeffling|Haviland Morris,,PAL
B000NIVJFY,Notes on a Scandal,"April 17, 2007",Richard Eyre,Cate Blanchett|Judi Dench|Andrew Simpson|Tom Georgeson|Michael Maloney,,Multiple Formats|Color|Dolby|NTSC|Widescreen|Closed-captioned
B0009K7RRA,Music Video Box Documentary,"July 12, 2005",,,,Color|NTSC
B002V2QEVO,Seventh Moon,2008,Eduardo Sanchez,Dennis Chan|Tim Chiou|Amy Smart,Horror,
B00005OBA7,Story of Civilization: The Americas VHS,"August 28, 2001",,,,Color|NTSC
B007IXU8JU,About Face (1952),1952,Roy Del Ruth,Gordon MacRae|Eddie Bracken|Dick Wesson,Comedy|Arts|Entertainment|and Culture,
6301978374,Queen Christina VHS,"September 1, 1998",Rouben Mamoulian,Greta Garbo|John Gilbert|Ian Keith|Lewis Stone|Elizabeth Young,,Black & White|HiFi Sound|NTSC
B000053VAD,The Collection Volume Two,"January 13, 2004",,,,Multiple Formats|Color|Explicit Lyrics|Full Screen|NTSC
B0002CK812,King Of The Zombies,"November 10, 2003",Jean Yarbrough,Dick Purcell|Joan Woodbury|Mantan Moreland|Henry Victor|John Archer,,Black & White|Digital Sound|Dolby|DTS Surround Sound|Full length|Full Screen|Original recording remastered|Restored|Surround Sound|NTSC
B000ICZQUE,Oliver's Story,1978,John Korty,Ryan O'Neal|Candice Bergen|Nicola Pagett,Drama,
6300213145,"Star Trek - The Original Series, Episode 10: What Are Little Girls Made Of? VHS","April 15, 1994",James Goldstone,William Shatner|Leonard Nimoy|DeForest Kelley|Nichelle Nichols|Bill Blackburn,,Closed-captioned|Color|HiFi Sound|NTSC
B00008AZ8V,Knockaround Guys,[],Brian Koppelman|David Levien,Jennifer Baxter|Dennis Hopper|Vin Diesel|Barry Pepper|Andy Davoli,,PAL
B00006JU6W,Armed and Dangerous,"November 12, 2002",,John Candy|Eugene Levy|Robert Loggia|Kenneth McMillan|Meg Ryan,,Multiple Formats|Anamorphic|Closed-captioned|Color|Full Screen|Subtitled|Widescreen|NTSC
B00006FDAN,Clean Slate,"October 8, 2002",Mick Jackson,Dana Carvey|Valeria Golino|James Earl Jones|Kevin Pollak|Michael Gambon,,Multiple Formats|Closed-captioned|Color|Dubbed|NTSC|Subtitled|Widescreen
B003H8F3B8,Spirit of the Forest,"September 14, 2010",David Rubin,Voice of Giovanni Ribisi|Voice of Sean Astin|Voice of Ron Perlman|Voice of Anjelica Huston,,Multiple Formats|Animated|Color|NTSC|Widescreen
B000IV9CDM,The Classic Sci-fi Ultimate Collection,"February 16, 2016",,John Agar|Grant Williams|Joanna Moore,,Black & White|NTSC
B00005PJ81,Turbulence - Ride BMX VHS,"October 9, 2001",,John Heino|Ryan Sher|Edwin Delrosa|Dave Mirra,,Color|NTSC
B00004CXCM,Maximum Risk,[],Ringo Lam,Jean-Claude Van Damme|Natasha Henstridge|Jean-Hugues Anglade|Zach Grenier|Paul Ben-Victor,,PAL
B000929UOQ,A Dirty Shame,"June 14, 2005",John Waters,Tracey Ullman|Johnny Knoxville|Selma Blair|Chris Isaak|Suzanne Shepherd,,Multiple Formats|AC-3|Closed-captioned|Color|Dolby|NTSC|Subtitled|Widescreen
B003M986TS,Helen,"July 1, 2016",Sandra Nettelbeck,Ashley Judd|Goran Visnjic|Lauren Lee Smith|Alexia Fast|Alberta Watson,,Multiple Formats|Color|Dolby|NTSC|Widescreen
B003TH3K6W,Castle,2010,,,Suspense|Drama,
B00078JWJA,History of Automobiles - Hot Rods,"November 28, 2015",A2ZCDS.com,,,Black & White|Collector's Edition|Color|Flash|Full length|Full Screen|NTSC|Original recording remastered|Restored
B000056AW1,The Snow Creature VHS,"November 28, 2000",W. Lee Wilder,Paul Langton|Leslie Denison|Teru Shimada|Rollin Moriyama|Robert Kino,,Black & White|NTSC
B000G19OO6,Handgun Retention / Weapon Retention for Law Enforcement & Concealed Carry,"June 1, 2006",Lenny Magill,,,NTSC
B003OBJNPA,Bee Gees - One Night Only,1997,Eagle Rock,Bee Gees,Music Videos and Concerts,
B0000714F3,Raising Tennis Aces - The Williams Story,"January 21, 2003",,Venus Williams|Serena Williams|Richard Williams,,Color|NTSC|Widescreen
B000RP4LW6,Brahms: Symphonies,"October 9, 2007",Leonard Bernstein,Vienna Philharmonic Orchestra,,Multiple Formats|NTSC|Classical|Color|DTS Surround Sound
B000077VP6,Powerboat  Handling Twin Screw,"September 9, 2002",,,,Multiple Formats|Color|NTSC
B001W4ZLIE,It's a Wonderful World,1939,W.s. Van Dyke,Jimmy Stewart|Claudette Colbert|Guy Kibbee,Comedy|Suspense|Romance,
6304106041,Things to Do in Denver VHS,"July 1, 1997",Gary Fleder,Andy Garcia|Christopher Walken|Christopher Lloyd|William Forsythe|Bill Nunn,,Closed-captioned|Color|HiFi Sound|NTSC
B00004STAM,Nazca: Betrayal Humanity VHS,"May 16, 2000",,,,Animated|Color|NTSC
B004F1C31Y,Sex And Black Magic,"April 5, 2011",Joe D'Amato,Lucia Ramirez|Nieves Navarro|Richard Harrison|Mark Shannon,,Multiple Formats|AC-3|Anamorphic|Dolby|NTSC|Subtitled|Surround Sound|Widescreen
B00004Y7JO,Thursday,"May 14, 2002",Skip Woods,Thomas Jane|Aaron Eckhart|Paulina Porizkova|James Le Gros|Paula Marshall,,Color|NTSC
B000ASATZ8,Tremors Attack Pack (Tremors / Tremors 2: Aftershocks / Tremors 3: Back to Perfection / Tremors 4: The Legend Begins),"November 29, 2005",S.S. Wilson|Brent Maddock|Ron Underwood,Kevin Bacon|Fred Ward|Michael Gross|Shawn Christian|Sara Botsford,,Multiple Formats|Color|NTSC|Widescreen
B0002Q9VWA,Gungrave: Undead War - Volume 3,"November 9, 2004",,,,Multiple Formats|Animated|Color|Dolby|Subtitled|Widescreen|NTSC
B006FE83T0,All Quiet on the Western Front,"February 14, 2012",Lewis Milestone,Lew Ayres|Louis Wolheim|John Wray|Arnold Lucy|Ben Alexander,,Multiple Formats|Blu-ray|Collector's Edition|DTS Surround Sound|Full Screen|Subtitled
B000MGBLJG,Sailor of the King,"April 24, 2007",Roy Boulting,Jeffrey Hunter|Michael Rennie|Wendy Hiller|Bernard Lee|Peter van Eyck,,Multiple Formats|Black & White|NTSC
B00009PBX1,Ivans XTC,[],Bernard Rose,Danny Huston|Peter Weller|Lisa Enos|Joanne Duckman|Angela Featherstone,,PAL
B00008V6YH,The Lost World,[],Timothy Bond,John Rhys-Davies|David Warner|Eric McCormack|Nathania Stanford|Darren Peter Mercer,,PAL
B000069JE6,Teaching Mrs. Tingle,[],Kevin Williamson,Helen Mirren|Katie Holmes|Jeffrey Tambor|Barry Watson|Marisa Coughlan,,PAL
B0000CNY47,Family Enforcer,"October 7, 2003",Ralph DeVito,Joe Pesci|Joseph Cortese,,NTSC|Color
B0001GH704,Lurid Tales: The Castle Queen,"May 11, 2004",David DeCoteau,Shannon Dow Smith|Kim Sill|Cristi Harris|Betsy Lynn George|Mihaela Mihut,,Color|NTSC
B0015U0QVM,Yul Brynner- Signature Collection,"May 20, 2008",various,Yule Brynner,,Color|NTSC|Surround Sound
B002G32ADY,Ufc 99,"September 8, 2009",Anthony Giordano,Rich Franklin|Wanderlei Silva,,Multiple Formats|Color|NTSC
B000MZGN54,NOVA: DNA - Secret of Photo 51,"April 24, 2007",Nova,.,,Multiple Formats|Closed-captioned|Color|NTSC
B0000V8HZY,VHS-A Lesson with Steve Allen,"January 1, 1994",Happy Traum,Steve Allen,,Color|NTSC
B004N7NJ0Y,Sledgehammer,"May 10, 2011",David A. Prior,Ted Prior|Linda McGill|John Eastman|Janine Scheer|Tim Aguilar,,Multiple Formats|Color|Dolby|Full Screen|NTSC
6304019564,Shinbone Alley VHS,"February 21, 1996",David Detiege|John Wilson,Carol Channing|Eddie Bracken|Alan Reed|John Carradine|Hal Smith,,Animated|Color|NTSC
6305128952,The Horse Whisperer,"November 10, 1998",Robert Redford,Robert Redford|Kristin Scott Thomas|Scarlett Johansson|Sam Neill|Diane Wiest,,Multiple Formats|Closed-captioned|Color|Letterboxed|NTSC|Widescreen
B0052C1GAO,Ciao America! with i Monelli,2011,Vito Brancato,,Comedy,
B004QEEFB6,Safety Smart Science with Bill Nye the Science Guy: Germs & Your Health Classroom Edition,"April 18, 2011",Disney Educational Productions,Bill Nye,,Multiple Formats|Color|NTSC|Surround Sound
B000OIOOXM,"Solty Rei, Vol. 6","August 21, 2007",,,,Multiple Formats|Animated|Color|Widescreen|NTSC
B0002NRQS4,"The AMC Movies: The Ultimate Collection, Vol. 1","August 17, 2004",,,,NTSC
B002W9WT0G,Absolution (1981),2007,Anthony Page,Richard Burton|Dominic Guard|Andrew Keir,Suspense|Drama,
B001OEVZHS,The Mission (La Mision) Special Collection Edition [NTSC/REGION 1 & 4 DVD. Import-Latin America],[],,,,
B0000633R5,The Survivors,"January 1, 2002",Michael Ritchie,Walter Matthau|Robin Williams|Jerry Reed|James Wainwright|Kristen Vigard,,Multiple Formats|Closed-captioned|Color|Dubbed|NTSC|Subtitled|Widescreen
B00241CSHQ,Good Dick,2008,Marianna Palka,Marianna Palka|Jason Ritter|Eric Edelstein,Drama,
B00007M57R,Play'd,"February 18, 2003",Oz Scott,Rashaan Nall|Toni Braxton|Faizon Love|Sharissa|Merlin Santana,,Multiple Formats|Anamorphic|Closed-captioned|Color|Dolby|NTSC|Subtitled|Widescreen
B001MVYV0G,Water Music: Recreating a Royal Spectacular,"February 24, 2009",,,,Multiple Formats|Classical|Color|DTS Surround Sound|NTSC|Subtitled
6305914842,The Stranger / Orson Welles on Film,"June 27, 2000",Orson Welles,Orson Welles|Edward G. Robinson|Loretta Young|Philip Merivale|Richard Long,,Black & White|Color|NTSC
B00009MEKP,Burnt by the Sun,"July 15, 2003",Nikita Mikhalkov,Andre Oumansky|Oleg Menchikov|Nikita Mikhalkov|Ingeborga Dapkounaite,,Multiple Formats|Color|Letterboxed|NTSC|Subtitled|Widescreen
B0002I83EA,Diario de Una Pasante,"September 21, 2004",Josecho San Mateo,Jose Sancho|Ramon Langa|Unax Ugalde|Josu Ormaetxe|Joseph Linuesa,,Color|Dolby|Full Screen|Subtitled|NTSC
B001D68NBI,Luxury Trains of the World: The Imperial Express,"November 18, 2008",Robert Garofalo,,,Multiple Formats|Color|Dolby|Full Screen|NTSC|Widescreen
B00004REB2,Grain of Sand VHS,"November 11, 1998",Pomme Meffre,Delphine Seyrig,,Subtitled|NTSC|Color
6305564426,Finding North VHS,"March 7, 2000",Tanya Wexler,Wendy Makkena|John Benjamin Hickey|Jonathan Walker|Anne Bobby|Rebecca Creskoff,,Color|NTSC
B00006G8NJ,My Horrible Year VHS,"October 15, 2002",,Karen Allen|J. Adam Brown|Nicholas Carella|Jack Duffy (II)|Bret Hart,,Closed-captioned|Color|NTSC
B000QTD6N8,Mr. Robinson Crusoe,"September 12, 2009",A. Edward Sutherland,Douglas Fairbanks Sr.|William Farnum,,NTSC
6304080271,The Heroic Trio VHS,"January 1, 1998",Johnnie To,Michelle Yeoh|Anita Mui|Maggie Cheung|Damian Lau|Anthony Chau-Sang Wong,,Color|NTSC
B003N2JKPS,The Gatling Gun,"June 30, 2010",Robert Gordon,Guy Stockwell|Woody Strode|Patrick Wayne|Robert Fuller|Barbara Luna,,Multiple Formats|Color|Full Screen|NTSC
B003GOOZDK,Kaminfeuer Stimmung,"July 13, 2010",,,,Multiple Formats|Blu-ray|NTSC|Widescreen
B006JIWJHO,Death Hunter: Werewolves vs. Vampires,2011,Dustin Rikert,Paulino Hemmer|Sam McConkey|James Gerardi,Action|Horror,
6305202710,Operation Shark Attack: Tiger Shark,"November 10, 1998",,,,Black & White|Color|NTSC
6302711398,"National Geographic Video: Man-Eaters of India: India's Deadly Tiger, and the man who Helped Save Them From Extinction VHS","February 8, 1993",Alex Kirby,,,Color|NTSC
B0040R4WDU,Understanding World Religions and Contemporary Cultures - Volume 1,[],,,,
B0002SQ07C,The Clinic,"March 1, 2004",Miles|Fran Hale,Miles|Fran Hale,,NTSC
B0001EFTM4,Arjuna - The Complete Collection,"April 27, 2004",,,,Animated|Box set|Color|Dolby|Subtitled|Widescreen|NTSC
6305020108,The Message,"September 15, 1998",Moustapha Akkad,Anthony Quinn|Irene Papas|Michael Ansara|Johnny Sekka|Michael Forest,,Color|Letterboxed|Original recording remastered|Widescreen|NTSC
6303493653,Schoolhouse Rock!: Grammar Rock Animated  VHS,"August 4, 1995",,Maretha Stewart|Zachary Sanders|Bob Kaliban|Blossom Dearie|Joshie Armstead,,Animated|Closed-captioned|Color|HiFi Sound|NTSC
B00008EY75,March Time: On the Homefront VHS,"June 28, 1994",,,,NTSC
B006J6CELC,Planet Egypt,"April 17, 2012",The History Channel,Various,,Color|NTSC
B001DNQTHQ,Song for My Father,"March 1, 2008",,,,Multiple Formats|Color|Import|NTSC
B000B9E2D6,Holocaust: Theresienstadt,"October 25, 2005",,Holocaust,,Multiple Formats|Color|NTSC
6302402824,ZZ Top: Greatest Hits [VHS],"April 14, 1992",,,,Closed-captioned|Color|NTSC
6302353777,Cyrano De Bergerac 1950 COLORIZED VERSION VHS,"May 14, 1992",,,,Color|NTSC
B001L2ZSI0,UFC 92: The Ultimate 2008,"April 21, 2009",Anthony Giordano,"Wanderlei Silva|Dean Lister|Quinton ""Rampage"" Jackson|Forrest Griffin|Yushin Okami",,Multiple Formats|Color|Dolby|Widescreen|NTSC
B000065B17,Poirot - The Movie Collection 2 VHS,"June 4, 2002",,,,Box set|Color|NTSC
B000E97Y6A,King Kong,"March 28, 2006",Peter Jackson,Naomi Watts|Jack Black|Adrien Brody|Jamie Bell|Andy Serkis,,Multiple Formats|AC-3|Color|Dolby|Full Screen|Subtitled|NTSC
B00008G1WP,Scooby Doo: Goes Hollywood VHS,"October 21, 1997",Ray Patterson,Don Messick|Casey Kasem|Frank Welker|Heather North|Patricia Stevens,,NTSC
6303562388,Cyrano De Bergerac VHS,"January 23, 2003",Michael Gordon,Jos¨¦ Ferrer|Mala Powers|William Prince|Morris Carnovsky|Ralph Clanton,,Black & White|NTSC
B006ROGSH2,The Roaring Twenties (1939),1939,Raoul Walsh,James Cagney|Priscilla Lane|Humphrey Bogart,Drama,
B000IHYXK8,The Impressionists,"December 5, 2006",Tim Dunn,Sebastian Armesto|Richard Armitage|Charlie Condou|Aden Gillett|Julian Glover,,Multiple Formats|Color|Dolby|NTSC|Widescreen
B00023BMRK,Jesus Nuestro Senor VHS,"April 6, 2004",Miguel Zacar¨ªas,Claudio Brook|Narciso Busquets|Carlos East|Rita Macedo|Elsa C¨¢rdenas,,NTSC
1563880962,Si o No? Puerto Rico and the Statehood Question VHS,"February 1, 1998",Documentary,EdDubrowsky|Documentary,,Color|NTSC
B000A0GXG0,SOLO FLIGHT: The Genius of CHARLIE CHRISTIAN,"July 12, 2005",Gary Rhodes,Charlie Christian,,Multiple Formats|Closed-captioned|Color|Dolby|Full Screen|HiFi Sound|NTSC
B0007XBKPO,Starchaser - Legend of Orin,"June 21, 2005",Steven Hahn,Joe Colligan|Carmen Argenziano|Noelle North|Anthony De Longis|Tyke Caravelli,,Animated|Closed-captioned|Color|Dolby|NTSC|Subtitled|Widescreen
B005M9VSL4,El Capo Part 2: El Final,"December 6, 2011",,,,Multiple Formats|Box set|Color|Dubbed|Full Screen|NTSC|Subtitled
B000JSI7B2,From Hell,"March 26, 2007",Albert Hughes|Allen Hughes,Johnny Depp|Heather Graham|Ian Holm|Robbie Coltrane|Ian Richardson,,Multiple Formats|AC-3|Blu-ray|Color|Dolby|DTS Surround Sound|Dubbed|NTSC|Subtitled|Widescreen
B006OS1B6E,Dinosaurs: Inside and Out - As seen on Discovery Channel,"March 6, 2012",n|a,n|a,,Blu-ray|Dolby|Full Screen|NTSC
B000O76TWC,When Darkness Falls,"May 29, 2007",Jeff London,Mike Dolan|Matt Austin|Ron Petronicolos|Seth Adams|Craig Staswick,,Multiple Formats|Color|Dolby|Subtitled|NTSC
B00004CIYT,Long teng hu yue VHS,[],Chuan Chen,Jackie Chan|Dean Shek|James Tien|Austin Wai|Shi-Kwan Yen,,PAL
B00004CTZX,Courage Under Fire VHS,[],Edward Zwick,Denzel Washington|Meg Ryan|Lou Diamond Phillips|Michael Moriarty|Matt Damon,,PAL
B005CKIJ9W,Skeletal And Muscular System,"July 13, 2011",New Dimension Media,,,NTSC
1557841802,The Arizona Kid VHS,"December 1, 1988",Joseph Kane,Roy Rogers|George Hayes|Jack Ingram,,Black & White|NTSC
B00007CVYS,Blood Work VHS,"December 27, 2002",,Gerry Becker|Chao Li Chi|Jeff Daniels|Wanda De Jesus|Dina Eastwood,,Color|Dolby|Subtitled|NTSC
B00561BNCW,Back to the Beyond,"September 6, 2011",,,,Color|NTSC|Widescreen
B0002VL05G,Joel McCrea Double Feature,"November 16, 2004",,Various,,Multiple Formats|Black & White|Full Screen|NTSC
B001LT40KK,Redemption: A Mile From Hell,"February 10, 2009",Robert Conway,,,Multiple Formats|Color|Widescreen|NTSC
B0000042KF,Ult Beginner Series: Guitar Theory Basics VHS,"October 19, 2000",,,,NTSC
B0013RV3C8,3 Bullets For Ringo,"February 12, 2008",Emimmo Salvi,Mickey Hargitay,,Multiple Formats|Anamorphic|NTSC|Widescreen
B001CT05SA,Tales from the Crypt: The Complete Season 1-7,"May 27, 2008",,John Kassir,,Multiple Formats|Box set|Closed-captioned|Color|NTSC|Widescreen
B000094J7W,Olive the Other Reindeer VHS,"May 20, 2003",Steve Moore,Drew Barrymore|Dan Castellaneta|Joe Pantoliano|Edward Asner|Peter MacNicol,,Animated|Color|NTSC
6302287693,Ballet Shoes VHS,"November 11, 1998",,Angela Thorne|Jane Slaughter|Elizabeth Morgan|Sarah Prince|Barbara Lott,,Color|NTSC
B0000520Q0,Hi-Riders VHS,"September 3, 1986",Greydon Clark,Mel Ferrer|Stephen McNally|Darby Hinton|Neville Brand|Ralph Meeker,,Color|NTSC
B000RHRGI0,Black & White,"August 30, 2011",Boris Frumin,Gilbert Giles|Patrick Godfrey,,Multiple Formats|Color|Full Screen|Limited Edition|NTSC
B00004VY8H,Any Number Can Win,[],Henri Verneuil,Jean Gabin|Alain Delon|Claude Cerval|Viviane Romance|Henri Virlojeux,,PAL
B0099VV86G,Gentlemen with Guns,"September 12, 2012",Sam Newfield,Al St. John|Patricia Knox|Steve Darrell|George Chesebro|Karl Hackett|Budd Buster|Buster Crabbe,,Black & White|NTSC
B0054M0KQS,Meet Monica Velour,2011,Keith Bearden,Kim Cattrall|Dustin Ingram|Brian Dennehy,Comedy,
B00004RNNF,Marathon Man VHS,[],John Schlesinger,Dustin Hoffman|Laurence Olivier|Roy Scheider|William Devane|Marthe Keller,,PAL
B000NMTYGQ,For Your Consideration,2006,Christopher Guest,Bob Balaban|Jennifer Coolidge|Christopher Guest,Comedy,
B005WLUFQG,Gentlemen Marry Brunettes (1955),[],Richard Sale,Jane Russell|Jeanne Crain|Alan Young|Scott Brady,,Widescreen
B00005UQ8N,W. Eugene Smith: Photography Made Difficult,"February 12, 2002",Gene Lasko,Peter Riegert,,Color|NTSC
B000VE43FS,House of the Invisibles,"October 30, 2007",Elfa Lee,Wayne Lai|Lam Sho|Leila Tong,,Color|Dolby|Enhanced|NTSC|Subtitled|Widescreen
B0007WFXZ8,Hakeem Olajuwon - Hakeem the Dream (NBA Hardwood Classics),[],,,,
B003YLMO3S,The Dresden Files,2007,,Paul Blackthorne|Valerie Cruz|Terrence Mann,Science Fiction,
B0060CSMTI,Babes In Toyland,1961,Jack Donohue,Ray Bolger|Tommy Sands|Annette Funicello,Kids|Arts|Entertainment|and Culture,
B004HO6AIG,"Charlie Rose - Highlights from the Charlie Rose Brain Series January 27, 2011","May 10, 2011",,,,NTSC
6304898312,Changing Habits,"April 14, 1998",Lynn Roth,Moira Kelly|Taylor Negron|Teri Garr|Eileen Brennan|Shelley Duvall,,Color|Full Screen|NTSC
630265890X,Duplicates VHS,"February 17, 1993",Sandor Stern,Gregory Harrison|Kim Greist|Cicely Tyson|Lane Smith|William Lucking,,Closed-captioned|Color|NTSC
B000067P3N,Purrfect Video - Cat Entertainment VHS,"January 1, 2002",TV Time Productions,,,Color|Full Screen|NTSC
B005VOYGPU,Bad Writing,2007,Vernon Lott,David Sedaris|George Saunders|Margaret Atwood,Comedy|Special Interest|Documentary,
B00004CXJ9,Boogie Nights VHS,[],Paul Thomas Anderson,Mark Wahlberg|Julianne Moore|Burt Reynolds|Luis Guzm¨¢n|Rico Bueno,,PAL
B004P8R9VG,Stars In My Crown,"April 18, 2011",Jacques Tourneur,Joel Mccrea|Ellen Drew|Dean Stockwell|Alan Hale|Lewis Stone,,Black & White|NTSC|Original recording remastered
6304558422,Eastern Condors VHS,"October 13, 1998",,Lung Chan|Kwok Keung Cheung|Kar Lok Chin|Billy Chow|Joyce Godenzi,,Color|Letterboxed|Widescreen|NTSC
6301964004,The Outer Limits: The Architects of Fear VHS,"September 26, 1995",,Vic Perrin|Bob Johnson|Ben Wright|William Douglas|Robert Culp,,Black & White|NTSC
B0054WPWRA,Baby: Secret of the Lost Legend,"August 23, 2011",Bill L. Norton,Sean Young|William Katt,,Multiple Formats|Blu-ray|Color|NTSC|Widescreen
B0013UQUVY,Harlequin Triple Feature -Volume 3: (A Change of Place / The Waiting Game / Diamond Girl),"April 29, 2008",Donna Deitch|Timothy Bond|Vic Sarin,Jonathan Cake|Joely Collins|Kevin Otto|Royston Stoffels|Stacey Sacks,,Multiple Formats|Color|NTSC
B00004CK72,Tough Guys VHS,[],Jeff Kanew,Burt Lancaster|Kirk Douglas|Charles Durning|Alexis Smith|Dana Carvey,,PAL
B0000X2ECE,Friends: Season 6,"January 27, 2004",,Jennifer Aniston|Courteney Cox|Lisa Kudrow|Matt LeBlanc|Matthew Perry,,Multiple Formats|Box set|Closed-captioned|Color|Dolby|Subtitled|NTSC
B004WI10ZK,Famous and the Dead,"May 31, 2011",Esmir Filho,Herique Larre|Ismael Caneppele|Samuel Reginatto,,Multiple Formats|Color|NTSC|Subtitled|Widescreen
B00030WW4Y,Me & The Mob,"March 1, 2005",,James Lorinz|Tony Darrow,,Multiple Formats|Color|NTSC
B00005B221,Carman - The Champion VHS,"May 15, 2001",Lee Stanley,Carman|Michael Nouri|Patricia Manterola|Jeremy Williams|Jed Allan,,Color|NTSC
B004NWPY7U,Something Wild,"May 10, 2011",Jonathan Demme,Jeff Daniels|Melanie Griffith|Ray Liotta|George 'Red' Schwartz|Leib Lensky,,Multiple Formats|Blu-ray|DTS Surround Sound|NTSC|Widescreen
B000GRUR14,Calvaire: The Ordeal,"October 3, 2006",Fabrice Du Welz,Laurent Lucas|Brigitte Lahaie|Gigi Coursigny|Jean-Luc Couchard|Jackie Berroyer,,AC-3|Color|Dolby|NTSC|Subtitled|Widescreen
B00021R7E4,Rebound (DVD),"November 21, 2005",,Kareem Abdul-Jabbar|James Allodi|Michael Beach|Monica Calhoun|Colin Cheadle,,Multiple Formats|Closed-captioned|Color|NTSC
6303945163,Dorotyh Lamour: Favorite Brunette & Swing High VHS,"June 2, 1998",Elliott Nugent|Mitchell Leisen,Bob Hope|Dorothy Lamour|Peter Lorre|Lon Chaney Jr.|John Hoyt,,Black & White|EP|NTSC
B001HUHBJK,Shalom Sesame Chanukah,"December 9, 2008",,,,Multiple Formats|Color|NTSC
B001S8QRIW,The Gunfighter,1950,20th_Century_Fox,Gregory Peck|Helen Westcott|Millard Mitchell,Western,
B002CLBJV4,High Fidelity,"September 15, 2009",Stephen Frears,Lisa Bonet|Joan Cusack|John Cusack|Sara Gilbert|Catherine Zeta-Jones,,Color|NTSC
B00760GRA4,HISSS,"October 22, 2010",,Mallika Sherawat|Irrfan Khan|Jeff Doucette,,Dolby|NTSC
B004KDYQYO,Ufc: Ultimate Fighter Season 12,"April 5, 2011",,,,Box set|Color|NTSC
B002MCI98Y,Mickey's Magical Christmas: Snowed in at the House of Mouse,"November 3, 2009",Burny Mattinson,Robby Benson|Jodi Benson|Paige O'Hara|David Ogden Stiers,,Animated|Color|NTSC
6301928768,Emo Philips Live at the Hasty Pudding Theatre VHS,"July 13, 1988",,,,NTSC
6302622875,Mad at the Moon VHS,"January 27, 1993",Martin Donovan,Lori Ashton|Hart Bochner|Pat Atkins|Eleanor Baggett|Daphne Zuniga,,Closed-captioned|Color|NTSC
B006MHZ46A,La Terra Trema,"July 1, 2016",Luchino Visconti,Carmela Fichera|Giovanni Greco,,Black & White|Subtitled|NTSC
B000N2BROI,Snipers: Dangerous Missions,"May 19, 2009",,,,Full Screen|NTSC|Color|Black & White
B0007NMHOM,Clonus,"March 29, 2005",Robert S. Fiveson,Peter Graves|Rick DiAngelo|Eugene Robert Glazer|Eileen Dietz|Paulette Breen,,Multiple Formats|Color|Dolby|NTSC|Widescreen
B000H0YK2C,Curse of the Cat People,1944,Gunther Fritsch|Robert Wise|Gunther von Fritsch,Simone Simon|Kent Smith|Jane Randolph,Drama|Fantasy|Horror|Suspense,
B00003CXTD,Rollerball,"June 18, 2002",John McTiernan,Chris Klein|Jean Reno|LL Cool J|Rebecca Romijn|Naveen Andrews,,Multiple Formats|Closed-captioned|Color|Dolby|DTS Surround Sound|Dubbed|NTSC|Special Edition|Subtitled|Widescreen
B00004CZBU,Little Voice VHS,[],Mark Herman,Brenda Blethyn|Jane Horrocks|Michael Caine|Ewan McGregor|Philip Jackson,,PAL
B004X63RWK,Park Row,"May 2, 2011",Samuel Fuller,Gene Evans|mary Welch|Bela Kovacs,,Black & White|Full Screen|NTSC
B0025VLH9A,Moving G,"April 7, 2009",,,,NTSC
B001E8Q1L4,Sissi - Schicksalsjahre Einer Kaiserin,[],Ernst Marischka,Romy Schneider|Karlheinz Bohm|Magda Schneider,,NTSC
B00006NSXO,Back-Fit with Pilates VHS,"May 4, 2002",PE Carl Fisher,Francesca Fisher,,Color|Full Screen|NTSC
B002WNU0PI,SuicideGirls: Guide to Living,"March 16, 2010",Mike Marshall,Ajilee|Amina|Blaze|Bunni|Chloe,,AC-3|Color|NTSC|Subtitled
B000057X1I,Town & Country,[],Peter Chelsom,Warren Beatty|Diane Keaton|Andie MacDowell|Garry Shandling|Jenna Elfman,,PAL
B006YGC7KK,Nikita: Season 2,"October 2, 2012",,Maggie Q|Shane West|Lyndsy Fonseca|Aaron Stanford|Melinda Clarke,,Multiple Formats|AC-3|Blu-ray|Box set|DTS Surround Sound|Full Screen|NTSC|Subtitled|Widescreen
6301585992,Pogo For President - I Go Pogo VHS,"December 4, 1989",Marc Paul Chinoy,Jonathan Winters|Vincent Price|Ruth Buzzi|Stan Freberg|Jimmy Breslin,,NTSC|Color
B003XO4V2I,"Breathless (Import, All Regions)",[],Jean-Luc Godard,Jean-Paul Belmondo|Jean Seberg,,NTSC|Black & White|Subtitled|Full Screen|Mono
6304758030,Borderline VHS,"November 11, 1997",William A. Seiter,Fred MacMurray|Claire Trevor|Raymond Burr|Jos¨¦ Torvay|Morris Ankrum,,Black & White|NTSC
B001JB19KY,The March of Time: America At War (6pc),[],,,,Collector's Edition
B000WA0DRI,Moon For The Misbegotten,1975,Jose Quintero|Gordon Rigsby,Jason Robards|Colleen Dewhurst|Ed Flanders,Drama,
B002ED6UYQ,Le Nozze di Figaro,"August 25, 2009",Gnther Rennert,Walter Berry|Reri Grist|Wiener Philharmoniker|Ingvar Wixell|Edith Mathis,,Multiple Formats|Classical|Color|Full Screen|NTSC|Subtitled
B000YFITNG,Knitting Around with Elizabeth Zimmermann and Meg Swansen,"November 1, 2007",Chris & Cully Swansen,Elizabeth Zimmermann and Meg Swansen,,NTSC
B00005Q646,On Any Sunday 30th Anniversary Collection,"December 11, 2001",Bruce Brown|Don Shoemaker|Ed Forsyth,Steve McQueen|Bruce Brown|David Evans|Mert Lawwill|Malcolm Smith,,Multiple Formats|Box set|Color|Dolby|NTSC
B000AP04O2,State Fair,"November 15, 2005",Jos¨¦ Ferrer|Walter Lang,Jeanne Crain|Dana Andrews|Dick Haymes|Vivian Blaine|Charles Winninger,,Dolby|Dubbed|NTSC|Special Edition|Widescreen
B007EJBG44,Executive Action,1973,David Miller,Burt Lancaster|Robert Ryan|Will Geer,Action|Drama|Suspense,
B0007NN2IW,Introduction to the NIKON D70/D70s  Digital SLR,"September 1, 2004",Blue Crane Digital,Graham Sterling,,NTSC
6301275373,Beast in the Cellar VHS,"May 3, 1989",James Kelley,Beryl Reid|Flora Robson|John Hamill|Tessa Wyatt|T.P. McKenna,,Color|NTSC
B000HEVZ94,"The Hitchhiker, Vol. 3","October 31, 2006",Various,Various,,Multiple Formats|AC-3|Closed-captioned|Color|Dolby|NTSC|Subtitled|Widescreen
B00004S5PB,Hellraiser: Bloodline,[],Alan Smithee|Kevin Yagher,Bruce Ramsay|Valentina Vargas|Doug Bradley|Charlotte Chatton|Adam Scott,,PAL
B007D93HM4,Rampart,2012,Oren Moverman,Woody Harrelson|Ned Beatty|Sigourney Weaver,Drama,
B004J44A68,Hill Number One,2006,Arthur Pierson,Roddy McDowell|James Dean|Ruth Hussey,Drama,
B00004CQNL,Another Way VHS,[],J¨¢nos Xantus|K¨¢roly Makk,Jadwiga Jankowska-Cieslak|Ildik¨® B¨¢ns¨¢gi|Grazyna Szapolowska|Judit Hern¨¢di|Jozef Kroner,,PAL
B0002234QS,No Small Affair,"June 29, 2004",Jerry Schatzberg,Jon Cryer|Demi Moore|George Wendt|Peter Frechette|Elizabeth Daily,,Anamorphic|Closed-captioned|Color|Dolby|NTSC|Subtitled|Widescreen
B001J46GQ8,Anita and Me,2002,Metin Huseyin,Max Beesley|Sanjeev Bhaskar|Anna Brewster,Comedy,
B000MRP3X0,Kabul Express,"February 1, 2007",Kabir Khan,John Abraham,,Multiple Formats|Dolby|NTSC
6304550839,Dead Next Door VHS,"June 20, 1997",,Lester Clark|Floyd Ewing Jr.|Pete Ferry|Barbara Gay|Roger Graham (II),,Color|NTSC
B001NY6YQ6,Crowley,"March 10, 2009",Julian Doyle,Simon Callow|John Shrapnel|Lucy Cudden,,Multiple Formats|Color|NTSC|Widescreen
B004T1Z9S4,The Next Three Days (Single Disc w/features),[],,Russell Crowe|Liam Neeson,,NTSC|Blu-ray|Color|Subtitled|Dolby
B000JBWWOC,The Waltons: Season 4,"April 17, 2007",Richard Thomas|Ralph Waite|Alf Kjellin|Harry Harris|Harvey S. Laidman,Richard Thomas|Ralph Waite|Michael Learned|Ellen Corby|Will Geer,,Multiple Formats|Box set|Color|NTSC|Full Screen
B000059RYZ,Play Sax From Day One VHS,"October 20, 2000",,,,NTSC
B0031XYLM6,Texas Legionaires,"January 26, 2010",Joseph Kane,Roy Rogers|Trigger|Bob Nolan|Sons of the Pioneers|Ruth Terry,,Multiple Formats|Black & White|Full Screen|NTSC
B0009IC8ZS,The Secret of the Hunchback,"November 16, 2006",,,,Multiple Formats|Color|NTSC
B00080ETYA,Saints & Soldiers,"May 31, 2005",Ryan Little,Corbin Allred|Alexander Polinsky|Kirby Heyborne|Larry Bagby|Peter Holden,,Multiple Formats|Closed-captioned|Color|NTSC
B0007P0XBY,National Geographic - Tsunami: Killer Wave,"February 22, 2005",,,,Multiple Formats|Closed-captioned|Color|NTSC
5559977888,Spirit Rider VHS,[],Michael Scott,Herbie Barnes|Gordon Tootoosis,,NTSC
B0006IWR3O,The Civil War: American Against American VHS,"September 1, 2004",,Howard Egger-Bovet,,Color|Digital Sound|NTSC
B004U7C36I,Body Shots,1999,Michael Cristofer,Sean Patrick Flanery|Ron Livingston|Jerry O'Connell,Drama,
B00004RZ0A,A Force of One,[],Paul Aaron,Jennifer O'Neill|Chuck Norris|Clu Gulager|Ron O'Neal|Bill Wallace,,PAL
B0018OIK2M,Carlito's Way: Rise to Power,2005,Michael Bregman,Jay Hernandez|Mario Van Peebles|Luis Guzm??n,Action|Drama,
B002Q8RCDC,Ken Burns: The National Parks - America's Best Idea,2009,,,Special Interest|Documentary,
B001FQLMTQ,Dead Of Winter,"November 25, 2008",Brian McNamara,Al Santos|Sandra McCoy|Brian McNamara|Ella Joyce|Ashley Gardner,,Multiple Formats|AC-3|Closed-captioned|Color|Dolby|NTSC|Subtitled|Widescreen
B001EC0OMM,The Philadelphia Story,1941,George Cukor,James Stewart|Cary Grant|Katharine Hepburn,Comedy,
B000BA8EES,"Puccini - Madama Butterfly / Barker, Thompson, Keen, Stilwell, Blanchet, Smeets, Bijnen, de Waart, Amsterdam Opera","November 15, 2005",,Cheryl Barker|Richard Stilwell|Martin Thompson|Catherine Keen|Peter Blanchet,,Multiple Formats|Classical|Color|Widescreen|NTSC
B0009WPLBC,Blood Soaked Cinema: A Night to Dismember,"August 23, 2005",J.R. Bookwalter,James Black|Tom Hoover|Bill Morrison|Michael Cagnoli|Lori Scarlett,,Box set|Closed-captioned|Color|NTSC
B002EAYE4M,Love,"June 22, 2009",Jacques Feyder,John Gilbert|George Fawcett|Emily Fitzroy|Brandon Hurst Greta Garbo,,Black & White|Full Screen|NTSC
B0000505FM,Jack the Ripper,[],David Wickes,Michael Caine|Armand Assante|Jane Seymour|Ray McAnally|Lewis Collins,,Anamorphic|Color|Digital Sound|PAL
B000CDSS1I,SnakeMan,"March 21, 2006",Allan A. Goldstein,Stephen Baldwin|Jayne Heitmeyer|Larry Day|Gary Hudson|Ross McCall,,Multiple Formats|Closed-captioned|Color|Dolby|NTSC|Subtitled
B0007VY4YU,Straight Men & the Men Who Love Them,"May 24, 2005",Lino Escalera|Stewart Wade|Jorge Ameer,Various,,Multiple Formats|Closed-captioned|Color|NTSC
B001E06KPY,"Miami Supercops (Cane e Gatto) (Poliziotti dell'ottava strada) [ NON-USA FORMAT, PAL, Reg.0 Import - Australia ]",[],Bruno Corbucci,Terrence Hill|Bud Spencer|Jackie Castellano|William 'Bo' Jim,,PAL|Import|Dolby|Full Screen
B00009AOAX,The Babe,"July 1, 2003",Arthur Hiller,John Goodman|Kelly McGillis|Trini Alvarado|Bruce Boxleitner|Peter Donat,,Closed-captioned|Color|Dolby|NTSC
B000260QWY,The Brothers McMullen,[],Edward Burns,Jack Mulcahy|Michael McGlone|Edward Burns|Shari Albert|Maxine Bahns,,PAL
B002RBHDFU,As We Forgive,"November 10, 2009",Laura Waters Hinson,,,Multiple Formats|Color|NTSC|Subtitled|Widescreen
B00004RLGO,Dr. Strangelove or: How I Learned to Stop Worrying and Love the Bomb VHS,[],Stanley Kubrick,Peter Sellers|George C. Scott|Sterling Hayden|Keenan Wynn|Slim Pickens,,PAL
B004DTPZ04,2011 AT&T Cotton Bowl Classic: Texas A&M vs. LSU,"February 22, 2011",XOS Digital|Inc.,Texas A&M|LSU,,Multiple Formats|Color|Full Screen|NTSC
6301540638,High Impact Aerobics VHS,"September 29, 1989",,,,NTSC
B0006ZXJ2U,Madhouse,"February 22, 2005",,Lance Henriksen|Jordan Ladd,,Multiple Formats|Closed-captioned|Color|NTSC|Widescreen
0792139879,Patriot Games VHS,"August 20, 1996",Phillip Noyce,Harrison Ford|Sean Bean|Anne Archer|Patrick Bergin|Thora Birch,,Closed-captioned|Color|Dolby|Letterboxed|Widescreen|NTSC
B00004CYQI,White Fang,[],Randal Kleiser,Ethan Hawke|Klaus Maria Brandauer|Seymour Cassel|Susan Hogan|James Remar,,PAL
B00004RYZO,Thumbelina,[],Don Bluth|Gary Goldman,Jodi Benson|Gary Imhoff|Gino Conforti|Barbara Cook|Will Ryan,,PAL
B0000YEEGW,Hour of the Wolf,"January 31, 2006",Ingmar Bergman,Max von Sydow|Liv Ullmann|Gertrud Fridh|Georg Rydeberg|Erland Josephson,,Black & White|NTSC|Special Edition|Subtitled|Widescreen
B0000BWVAS,Alfred Hitchcock Vol. 2,"January 1, 2003",,,,Multiple Formats|Collector's Edition|NTSC
6302045215,Goo VHS,"May 14, 1991",,,,Color|NTSC
6300984699,Macon County Line VHS,[],Richard Compton,Alan Vint|Cheryl Waters|Max Baer Jr.|Geoffrey Lewis|Joan Blackman,,NTSC
B00006FD8T,"Farscape Season 2, Vol. 2","August 27, 2002",Geoff Bennett|Ian Watson|Tony Tilse,Ben Browder|Claudia Black|Anthony Simcoe|Lani John Tupu|Jonathan Hardy,,Color|Dolby|Full Screen|NTSC
B000LP5E14,Herod The Great,"December 7, 2004",Victot Tourjan,Edmund Purdom|Sylvia Lopez|Massimo Girotti,,Color|HiFi Sound|Dolby|NTSC
6302911486,African Queen: Limited Commemorative Edition VHS,"November 3, 1999",John Huston,Humphrey Bogart|Katharine Hepburn|Robert Morley|Peter Bull|Theodore Bikel,,Box set|Color|NTSC
B0007P0XWS,All Star Horror: House On Haunted Hill / Last Man on Earth,"March 22, 2005",,,,Color|NTSC
B00005IAQP,Best of the Best,"July 17, 2001",Wai-Keung Lau,Daniel Hiu Tung Chan|Miu-Ying Chan|Julian Cheung|Roy Cheung|Jason Chu,,Color|Dolby|Subtitled|Widescreen|NTSC
B0000A1HQH,All the Little Animals VHS,"August 19, 2003",Jeremy Thomas,John Hurt|Christian Bale|Daniel Benzali|James Faulkner|John O'Toole,,Closed-captioned|Color|Original recording reissued|NTSC
079074015X,Forever Young VHS,"January 26, 1999",Steve Miner,Mel Gibson|Jamie Lee Curtis|Elijah Wood|Isabel Glasser|George Wendt,,Closed-captioned|Color|HiFi Sound|NTSC
B000I2IUM0,Britten - Gloriana,"October 31, 2006",Colin Graham,Sarah Walker|Anthony Rolfe Johnson|Jean Rigby|Richard Van Allan|Elizabeth Vaughn,,Multiple Formats|Classical|Color|NTSC|Subtitled
B00005JMYF,Dodgeball: A True Underdog Story,"December 7, 2004",Rawson Marshall Thurber,Ben Stiller|Christine Taylor|Vince Vaughn|Rip Torn|Justin Long,,Closed-captioned|Color|Dolby|Dubbed|NTSC|Subtitled|Full Screen
B00005BGEU,Fighting Caravans VHS,[],David Burton|Otto Brower,Gary Cooper|Lili Damita|Ernest Torrence|Tully Marshall|Fred Kohler,,PAL
B001RJXG9K,Night Stalker,"July 7, 2009",Ulli Lommel,Elissa Dowling|Adolph Cortez|Jeff Dylan Graham,,Multiple Formats|Color|NTSC
B000NS59PA,Courage to Love,2000,Kari Skogland,Vanessa L. Williams|Gil Bellows|Karen Williams,Drama,
B001AR4K9O,Old Rococo: The Life of Gioacchino Rossini,"August 26, 2008",Colin Nears,Joan Sutherland|Cecilia Bartoli|Maria Ewing|Della Jones|Anna Caterina Antonacci,,Multiple Formats|Classical|Color|NTSC|Subtitled
B000N3AMU2,Redman - Outkast -  The Roots - Nate Dogg,"March 6, 2007",Music Videos Group,"Redman""Outkast""The Roots""Nate Dogg",,Color|NTSC
1561270636,John Cage: I Have Nothing to Say and I Am Saying It VHS,"September 9, 1997",,,,Classical|Color|HiFi Sound|NTSC
B004T866XO,Long Pig,2009,Carlo Rodriguez,Michelle Vanegas|Cody Hinson|Glen Philip,Horror,
B0015R55C0,Homeless Wakeboard DVD,[],,,,
B00000FZ5M,How to Make a Monster VHS,"November 5, 2002",George Huang,Clea DuVall|Steven Culp|Tyler Mane|Jason Marsden|Karim Prince,,Color|NTSC
B002FOCXJ0,Pedro (2009),2009,,,,
B000Q365IW,Marshall Crenshaw: On Stage at World Cafe Live,[],,,,
B003E6PKPM,Biting Bullets - Documentary Celebrating Death by Rock Excess!,2013,Aaron Stevenson,Brett Sharpe|Aaron Stevenson|Laurie Basten,Special Interest|Documentary,
B004FOPFFW,Bob Dylan: Don't Look Back,"April 26, 2011",D.A. Pennebaker,Bob Dylan|Albert Grossman|Bob Neuwirth|Joan Baez|Alan Price,,Multiple Formats|Blu-ray|Subtitled|Widescreen
B004IHCK2W,13 Hours in a Warehouse,2008,Dav Kaufman,Carson Lee|Chars Bonin|Danny Salmen,Horror,
B004V2FWNI,Anand Aur Anand 1984  Hindi Film / Bollywood Movie / Indian Cinema,"January 8, 2002",,Natasha|Suneil Anand|Rakesh Bedi|Dev Anand|Rakhee,,NTSC
B001CARIQ6,Jack Says,"September 23, 2008",Bob Phillips,Simon Phillips|Rita Ramnani|Aur¨¦lie Amblard|Daniel Roberts|Rula Lenska,,Import|NTSC
B000RZIGY0,Rick & Steve: Season 1,"August 28, 2007",,,,Multiple Formats|Color|Full Screen|NTSC
6301332857,Don't Go in the Woods VHS,"April 15, 1989",James Bryan,Nick Cleland|Mary Gail Artz|James P. Hayden|Angie Brown|Ken Carter,,Color|NTSC
B000JCQ3KU,Deep Star Six,1989,Sean S. Cunningham,Greg Evigan|Taurean Blacque|Nancy Everhard,Horror,
B00004CIQY,Dodge City VHS,[],Michael Curtiz,Errol Flynn|Olivia de Havilland|Ann Sheridan|Bruce Cabot|Frank McHugh,,PAL
B004808BRC,Carousel,1956,Henry King,Gordon MacRae|Shirley Jones,Arts|Entertainment|and Culture,
B0013M0Z7M,Azumi,"February 7, 2008",Ryuhei Kitamura,Yoshio Harada|Tak Sakaguchi|Naoto Takenaka|Masato Ibu|Joe Odagiri,,NTSC
B003V8FYLI,Storm Chasers Season 2,"March 11, 2011",Discovery,Various,,Multiple Formats|Color|NTSC
B00015YVUO,Don Winslow of the Navy: Volume 1 - Chapters 1-6,"February 24, 2004",Ford Beebe|Ray Taylor,Don Terry|Walter Sande|John Litel|Wade Boteler|Samuel S. Hinds,,Multiple Formats|Black & White|Color|NTSC
B002LFPACK,Discover the World of Animals: Sea,"November 23, 2009",BBC Motion Gallery,Cecile and Pepo,,Multiple Formats|Color|Full Screen|NTSC
B000M2E34U,National Geographic - Emperors of the Ice,"March 27, 2007",,,,Multiple Formats|Closed-captioned|Color|NTSC
B0006HBZBK,The Laughing Policeman,"February 1, 2005",Stuart Rosenberg,Walter Matthau|Bruce Dern|Louis Gossett Jr.|Albert Paulsen|Anthony Zerbe,,Multiple Formats|Closed-captioned|Color|NTSC
B001JNNDDI,Little Miss Sunshine,"February 3, 2009",Jonathan Dayton|Valerie Faris,Steve Carell|Toni Collette|Greg Kinnear|Abigail Breslin|Paul Dano,,Multiple Formats|AC-3|Blu-ray|Color|Dolby|DTS Surround Sound|Dubbed|NTSC|Subtitled|Widescreen
B0017HEYCK,Shchedrin - The Little Humpbacked Horse / Maya Plisetskaya,"June 24, 2008",,,,Multiple Formats|Classical|Color|Dolby|NTSC
B0002XM0OO,Facez of Death 2000 Vol. 4,"August 2, 2011",Lorenzo Munoz,Dead People,,Multiple Formats|Color|NTSC
B00004I9P5,Austin Powers 2: The Spy Who Shagged Me VHS,[],Jay Roach,Mike Myers|Heather Graham|Michael York|Robert Wagner|Rob Lowe,,PAL
B005G815Y6,Tavis Smiley Reports: Too Important to Fail,"November 22, 2011",n|a,.,,Multiple Formats|Color|NTSC
B00008G7Y3,My Science Project,"November 26, 2002",Jonathan R. Betuel,John Stockwell|Danielle von Zerneck|Fisher Stevens|Raphael Sbarge|Richard Masur,,Color|NTSC
B00004CJBV,Journey to the Center of the Earth VHS,[],Henry Levin,James Mason|Pat Boone|Arlene Dahl|Diane Baker|Thayer David,,PAL
B00005NZHS,Code inconnu: R¨¦cit incomplet de divers voyages VHS,[],Michael Haneke,Juliette Binoche|Thierry Neuvic|Josef Bierbichler|Alexandre Hamidi|Maimouna H¨¦l¨¨ne Diarra,,PAL
B00005OM67,Jian hua yan yu Jiang Nan,[],Wei Lo,Jackie Chan|Hui Lou Chen|Ching-Hsia Chiang|Feng Hsu|Wen Tai Li,,PAL
B003ES5GJU,Charlie Rose: Charlie Rose Brain Series Episode Seven,"May 4, 2010",,,,NTSC
B0016RNONQ,The Potential Inside,"April 19, 2011",Scotty Curlee,Scotty Curlee|Michael Cuddire|Ransford Doherty|Declan McGovern|Kera O'Bryon,,NTSC|Widescreen
6301973321,The Letter 1940  VHS,"March 13, 1990",William Wyler,Bette Davis|Herbert Marshall|James Stephenson|Frieda Inescort|Gale Sondergaard,,Black & White|NTSC
B000QXDG70,Ping Pong,"March 31, 2009",Fumihiko Sori,Yosuke Kubozuka|Shidou Nakamura|Sam Lee|Koji Ohkura,,Multiple Formats|Anamorphic|Dolby|Subtitled|Color|NTSC
B000LP5D5G,The Gospel According to St. Matthew,"March 27, 2007",Pier Paolo Pasolini,Enrique Irazoqui|Margherita Caruso|Susanna Pasolini|Marcello Morante|Mario Socrate,,Black & White|Color|Widescreen|NTSC|Subtitled
B000059H7A,Prince of Egypt/Joseph - King of Dreams,"March 6, 2001",Brenda Chapman|Rob LaDuca|Robert C. Ramirez|Simon Wells|Steve Hickner,Val Kilmer|Ralph Fiennes|Ben Affleck|Michelle Pfeiffer|Sandra Bullock,,Animated|Closed-captioned|Color|NTSC
B001441VL8,Bill Bruford's Earthworks - Footloose In NYC,"March 11, 2011",n|a,Bill Bruford,,Multiple Formats|Color|NTSC
B004UQLVRG,The Blue Umbrella 2005  Hindi Comedy Film / Bollywood Movie / Indian Cinema,"September 24, 2005",,Pankaj Kapoor|Shreya Sharma|Deepak Dobriyal|Rahul Kumar,,NTSC
B00000AEJD,The Magic Voyage VHS,"October 20, 1998",Jeremy Haft|Michael Schoemann,Dom DeLuise|Corey Feldman|Irene Cara|Dan Haggerty|Samantha Eggar,,Color|NTSC
B0000CC82P,Ed Sullivan 2: Very Best of Ed Sullivan VHS,"January 6, 2004",,Sammy Davis Jr.|Julie Andrews|Judy Garland|Joan Rivers|Elvis Presley,,Black & White|NTSC|Color
B00005NKC6,Route 666,"February 19, 2004",William Wesley,Lou Diamond Phillips|Lori Petty|Steven Williams|L.Q. Jones|Dale Midkiff,,Multiple Formats|Closed-captioned|Color|NTSC
B0013XZ6NO,Dead Mans Bounty,"April 29, 2008",Piotr Uklanski,Boguslaw Linda|Karel Roden|Katarzyna Figura|Val Kilmer|Peter Aubrey,,Multiple Formats|AC-3|Closed-captioned|Color|Dolby|NTSC|Subtitled|Widescreen
B0011NVCAW,Sleepytime Stories,"April 15, 2008",,,,Multiple Formats|Animated|Color|Full Screen|NTSC
B000F8OIAU,Chris Isaak: The Best of Chris Isaak,"May 9, 2006",,,,Color|NTSC
B0007YXPLK,Degrassi Junior High: Season 2,"June 7, 2005",Clarke Mackey|John Bertram|Kit Hood|Mike Douglas|Philip Earnshaw,Darrin Brown|Pat Mastroianni|Stefan Brogren|Neil Hope|Nicole Stoffman,,Multiple Formats|Box set|Closed-captioned|Color|NTSC
B002LII6PU,Tom Selleck Western Collection: (Monte Walsh / Last Stand at Saber River / Crossfire Trail),"September 29, 2009",Various,Various,,Multiple Formats|Box set|Color|NTSC
B0009MFQQM,Billy Blanks: Basic Training Bootcamp,"September 6, 2005",Billy Blanks,Billy Blanks,,Closed-captioned|Color|NTSC
B00062IXGA,"One Step Beyond, Vol. 1 and 2","December 7, 2004",,,,Multiple Formats|Black & White|Closed-captioned|Color|NTSC
B0030BS1D4,"Bellydance Superstars Superstars, Volume One","March 2, 2010",,,,Color|NTSC|3D|Widescreen
B0001BMM0E,.hack//SIGN - Uncovered Vol. 5,"April 27, 2004",,Megumi Toyoguchi|Kazuhiro Nakata|Amanda Winn Lee|Paul Mercier|Kaori Nazuka,,Animated|Color|Dolby|Subtitled|Widescreen|NTSC
